,alpha,beta-,p-,beta+,p+,LRT,p-value,num_branches,TotalBranchLength,MEME_LogL,FEL_LogL
1,0.0,0.0,1.0,0.0,0.0,0.0,1.0,0,0,0.0,0.0
2,0.0,0.0,1.0,0.0,0.0,0.0,1.0,0,0,0.0,0.0
3,0.0,0.0,1.0,0.0,0.0,0.0,1.0,0,0,0.0,0.0
4,0.0,0.0,1.0,0.0,0.0,0.0,1.0,0,0,0.0,0.0
5,0.0,0.0,1.0,0.0,0.0,0.0,1.0,0,0,0.0,0.0
6,0.0,0.0,1.0,0.0,0.0,0.0,1.0,0,0,0.0,0.0
7,0.0,0.0,1.0,0.0,0.0,0.0,1.0,0,0,0.0,0.0
8,0.0,0.0,1.0,0.0,0.0,0.0,1.0,0,0,0.0,0.0
9,0.0,0.0,1.0,0.0,0.0,0.0,1.0,0,0,0.0,0.0
10,0.0,0.0,1.0,0.0,0.0,0.0,1.0,0,0,0.0,0.0
11,0.0,0.0,1.0,0.0,0.0,0.0,1.0,0,0,0.0,0.0
12,0.0,0.0,1.0,0.0,0.0,0.0,1.0,0,0,0.0,0.0
13,0.0,0.0,1.0,0.0,0.0,0.0,1.0,0,0,0.0,0.0
14,0.0,0.0,1.0,0.0,0.0,0.0,1.0,0,0,0.0,0.0
15,0.0,0.0,1.0,0.0,0.0,0.0,1.0,0,0,0.0,0.0
16,0.0,0.0,1.0,0.0,0.0,0.0,1.0,0,0,0.0,0.0
17,0.0,0.0,1.0,0.0,0.0,0.0,1.0,0,0,0.0,0.0
18,0.0,0.0,1.0,0.0,0.0,0.0,1.0,0,0,0.0,0.0
19,0.0,0.0,1.0,0.0,0.0,0.0,1.0,0,0,0.0,0.0
20,0.0,0.0,1.0,0.0,0.0,0.0,1.0,0,0,0.0,0.0
21,0.0,0.0,1.0,0.0,0.0,0.0,1.0,0,0,0.0,0.0
22,0.0,0.0,1.0,0.0,0.0,0.0,1.0,0,0,0.0,0.0
23,0.0,0.0,1.0,0.0,0.0,0.0,1.0,0,0,0.0,0.0
24,0.0,0.0,1.0,0.0,0.0,0.0,1.0,0,0,0.0,0.0
25,1.423807577727278,0.067511084614457,1.0,2.135711366590917,0.0,0.0,0.6666666666666666,0,0,-8.462147304073726,-8.462147304073723
26,0.1617553818375166,0.1234548201653851,0.9833916243571793,765.3590191413119,0.01660837564282069,9.360715651880682,0.004066144592711707,0,0,-25.89139684186621,-22.21185931257762
27,0.7830014147350098,0.4943996497500819,1.0,1.439765931922455,0.0,0.0,0.6666666666666666,0,0,-24.75758451131287,-24.75758451131288
28,0.0,0.0,0.7606121324877438,6.389894806171962,0.2393878675122562,5.162129633024001,0.0346796049679724,1,0,-30.48588843468522,-28.63861565959624
29,0.423597006657905,0.02128574958455973,0.01,0.6105792565668777,0.99,0.09346468401294317,0.5778710597571812,0,0,-25.09717635846313,-25.0980837242202
30,1.082703866735682,0.520325797355622,1.0,1.624055800103523,0.0,0.0,0.6666666666666666,0,0,-24.66766099223517,-24.66766099223517
31,0.1024159309237048,0.00879249284312088,0.8194769882547599,4.59154156421772,0.1805230117452401,4.406827922553475,0.05122796248596817,2,0,-27.7392128683372,-26.35949088193908
32,0.4250186047598834,0.3957520035609391,1.0,0.783559314735776,0.0,0.0,0.6666666666666666,0,0,-23.3425068617322,-23.34250686173219
33,3.136558494114162,0.2421366935913046,0.9041943794294756,8.887722565073057,0.09580562057052444,0.1471118373753484,0.551057446864757,0,0,-33.66818318060066,-33.45436324148053
34,0.07310022182427235,0.03919219490844994,0.760523434029284,9.468541108825542,0.239476565970716,7.616312913488116,0.009871263094341054,1,0,-34.2614901529538,-32.59011802410948
35,0.0,0.0,1.0,0.0,0.0,0.0,1.0,0,0,0.0,0.0
36,0.0,0.0,1.0,0.0,0.0,0.0,1.0,0,0,0.0,0.0
37,0.0,0.0,1.0,0.0,0.0,0.0,1.0,0,0,0.0,0.0
38,3.071336275104546,0.340373456680454,0.9762330291466852,226.3280762018259,0.02376697085331481,1.673017318452779,0.2176039452296795,0,0,-32.16596177469069,-30.48694444639081
39,4.259782778537875,0.0,0.9077304086770049,219.7575177325344,0.09226959132299506,5.963788057039153,0.0229695882677462,0,0,-47.65884539267844,-42.63179072566211
40,0.0,0.0,1e-08,0.5866464941754652,0.99999999,1.175861803357137,0.2871343432030932,0,0,-19.21189119835278,-19.21206576213099
41,1.792523377490656,0.09800715673905623,1.0,2.688785066235984,0.0,0.0,0.6666666666666666,0,0,-23.61114515699665,-23.61114515699665
42,0.0,0.0,0.8183215487301936,4.24374911968227,0.1816784512698064,0.8416506647321214,0.3483959444504027,0,0,-19.521305100432,-19.26549338951073
43,2.424411393368263,0.3688052508184819,1.0,5.035932472984502,0.0,0.0,0.6666666666666666,0,0,-31.16565478855817,-31.16565478855816
44,0.3330552944254914,0.1321548130145755,0.6095541523419298,6.522425084537362,0.3904458476580702,4.332043114373135,0.05325241376335077,1,0,-41.0444471412278,-40.44217591656291
45,108.4580434162841,0.101900035916643,0.7843450590190554,5.707695916609078,0.2156549409809446,0.0,0.6666666666666666,0,0,-42.58111163542277,-41.67548728843289
46,0.7847935897989311,0.062873187923269,1e-08,1.330154048315753,0.99999999,0.4612443924571323,0.4402606736645167,0,0,-35.47210602459238,-35.47225491980895
47,0.6831877910460374,0.0,0.2875002185878403,1.209465494329935,0.7124997814121596,0.08928616879529727,0.580183526735413,1,0,-24.92398203526191,-24.90062348617566
48,1.645670220763207,0.4734675833484726,0.9640689251692833,3.158334192989526,0.03593107483071667,0.03493043228348114,0.6158408056587757,0,0,-25.27393800452939,-25.25707675978471
49,0.07049584013105245,0.03801748216470043,0.8393845143932145,22.06131527097103,0.1606154856067855,5.353466373366786,0.03142641926068102,0,0,-35.87302677568252,-34.36917025523745
50,0.0,0.0,0.2290651678709493,1.006208616143268,0.7709348321290507,0.4768336350608635,0.4358452334293003,1,0,-22.50388309144073,-22.46385872163679
51,0.1187342679387818,0.05193381426151238,0.8979859494767999,5.316268684837985,0.1020140505232001,2.117572564657522,0.1708732277068402,0,0,-21.15488733132529,-20.5504390365725
52,0.542549045247346,0.1297762380941012,1.0,0.8138235678710191,0.0,0.0,0.6666666666666666,0,0,-16.12242852524279,-16.12242852524279
53,0.0,0.0,0.9250125277882775,10.44156350240837,0.07498747221172253,2.026894355575159,0.179448225791999,0,0,-15.0160102882915,-14.7478200737477
54,0.05791698380016191,0.003170737462271285,1e-08,0.5673669307006456,0.99999999,0.3554682383692196,0.4722706615016971,0,0,-20.69609863294825,-20.69054214262728
55,1.043755925766728,0.2191191403920452,1.0,1.565633888650092,0.0,0.0,0.6666666666666666,0,0,-21.3830585187514,-21.3830585187514
56,1.543427977086794,0.7633510558150546,1.0,2.31514196563019,0.0,0.0,0.6666666666666666,0,0,-29.25330341817538,-29.25330341817538
57,0.0,0.0,1e-08,1.133995661838685,0.99999999,3.265316385616899,0.09287794221418944,0,0,-32.71679816771252,-32.71678445367288
58,0.0,0.0,0.9365868738232807,11.63350558878645,0.06341312617671935,3.817649667418539,0.06957458560938068,0,0,-15.44519459411689,-14.80122803039984
59,0.0,0.0,1.0,0.0,0.0,0.0,1.0,0,0,0.0,0.0
60,0.0,0.0,1e-08,2.73790837744114,0.99999999,0.6577993508833231,0.3890969595817131,0,0,-6.424822675007132,-6.424854000068211
61,0.0,0.0,1.0,0.0,0.0,0.0,1.0,0,0,0.0,0.0
62,0.0,0.0,1.0,0.0,0.0,0.0,1.0,0,0,0.0,0.0
63,0.0,0.0,0.6036379195545736,13.24593486067594,0.3963620804454264,1.222674801650872,0.2796132892884389,0,0,-8.567037921052998,-8.484187206571681
64,0.0,0.0,1.0,0.0,0.0,0.0,1.0,0,0,0.0,0.0
65,0.0,0.0,1.0,0.0,0.0,0.0,1.0,0,0,0.0,0.0
66,0.0,0.0,1.0,0.0,0.0,0.0,1.0,0,0,0.0,0.0
67,0.0,0.0,1.0,0.0,0.0,0.0,1.0,0,0,0.0,0.0
68,0.0,0.0,1.0,0.0,0.0,0.0,1.0,0,0,0.0,0.0
69,0.0,0.0,0.6417881576810036,15.13542490541043,0.3582118423189964,1.162558315997849,0.2893143093591949,0,0,-8.782667312106916,-8.613757321323634
70,0.0,0.0,1.0,0.0,0.0,0.0,1.0,0,0,0.0,0.0
71,0.0,0.0,1.0,0.0,0.0,0.0,1.0,0,0,0.0,0.0
72,0.0,0.0,1.0,0.0,0.0,0.0,1.0,0,0,0.0,0.0
73,0.0,0.0,1.0,0.0,0.0,0.0,1.0,0,0,0.0,0.0
74,0.0,0.0,1.0,0.0,0.0,0.0,1.0,0,0,0.0,0.0
75,1.08441870302695,0.1609195809522455,1.0,2.023740080838917,0.0,0.0,0.6666666666666666,0,0,-18.72615055955686,-18.72615055955686
76,1.025676373161713,0.5509638595822525,1.0,1.907558544692914,0.0,0.0,0.6666666666666666,0,0,-27.71400184576751,-27.71400184576751
77,0.4117065637659604,0.03485071734677653,1e-08,0.7436844992458946,0.99999999,0.2968192291798886,0.4918602536107587,0,0,-34.1412782409681,-34.1402615260591
78,1.539446356055675,0.9742613389887698,1.0,2.309169534083511,0.0,0.0,0.6666666666666666,0,0,-35.89149833977435,-35.89149833977435
79,0.6706818811709481,0.5688438376659808,1.0,1.229660293425173,0.0,0.0,0.6666666666666666,0,0,-28.19325083866114,-28.19325083866115
80,0.07667838246060378,0.00385308871864534,0.01,1.863751696175376,0.99,2.525539135250568,0.137323768791655,0,0,-42.54565497774689,-42.54561536900744
81,0.551299599814907,0.0,0.9082342644050031,17.77011353000562,0.0917657355949969,4.980366663901293,0.03808571298016139,2,0,-79.11383498577374,-68.86302234183523
82,3.485142145389347,1.088254365798206,1.0,8.043833194443014,0.0,0.0,0.6666666666666666,0,0,-8.53735417033946,-8.537354170339462
83,3.535237778885013,0.0,1.0,5.302856668327515,0.0,0.0,0.6666666666666666,0,0,-6.259781517186616,-6.259781517186584
84,4.90265518607919,1.079003134239346,1.0,13.34650596968062,0.0,0.0,0.6666666666666666,0,0,-8.9734699705443,-8.973469970544304
85,0.0,0.0,1.0,0.0,0.0,0.0,1.0,0,0,0.0,0.0
86,0.0,0.0,1.0,0.0,0.0,0.0,1.0,0,0,0.0,0.0
87,0.0,0.0,1.0,0.0,0.0,0.0,1.0,0,0,0.0,0.0
88,0.0,0.0,1.0,0.0,0.0,0.0,1.0,0,0,0.0,0.0
89,0.0,0.0,1.0,0.0,0.0,0.0,1.0,0,0,0.0,0.0
90,0.0,0.0,1.0,0.0,0.0,0.0,1.0,0,0,0.0,0.0
91,0.628557521448632,0.303950722172688,0.9322092742055571,205.0028749744442,0.0677907257944429,29.23363665225298,1.83785355822863e-07,2,0,-122.0075646884806,-107.5241513593605
92,0.7096684193220074,0.6236793717502549,0.7643224520986239,14.33486960570256,0.2356775479013761,6.441138257770604,0.01798706778366899,0,0,-122.1387172503615,-119.7504148396812
93,1.383624595812712,0.6827259719156997,0.888211675604662,35.1072431588116,0.111788324395338,3.981219091591811,0.06389418938735991,0,0,-107.5511263395509,-105.6578662941768
94,1.053942885256814,0.0,0.5813473793357519,6.21726852445487,0.4186526206642481,3.6438675294456,0.07617748823344905,2,0,-107.5962846639434,-106.2698332624229
95,4.243602633987996,1.699024296858289,1.0,6.365403950981993,0.0,0.0,0.6666666666666666,0,0,-111.0983186082786,-111.0983186082786
96,1.735602148876932,1.486158188339685,1.0,2.603403223315399,0.0,0.0,0.6666666666666666,0,0,-88.4822266549312,-88.48222665493121
97,0.3023410274437898,0.03598095553791601,0.8327112858859637,64.62970018781157,0.1672887141140363,5.613639425022967,0.02749184460048859,0,0,-92.02920224447321,-88.02458557819436
98,0.9057804221045345,0.06323364330939296,0.8629022294284633,28.23856543303089,0.1370977705715367,8.55768709865302,0.00611371469895261,0,0,-92.70617206307493,-86.79735929576245
99,1.318757784766093,0.05056748602095938,0.7749163425732634,8.724120975742315,0.2250836574267366,2.733445235475244,0.1229585433424926,0,0,-92.32500848427902,-89.50679624552592
100,0.5032644241990482,0.2791143518604962,0.9424406116348583,689.446178763483,0.05755938836514174,12.96783932888701,0.0006552634103040855,0,0,-90.68634643097573,-82.95977479759796
101,1.795944941322029,0.04816909009122491,0.7829805265005395,10.89041753617041,0.2170194734994605,3.080679830487469,0.1023479099136493,0,0,-88.9086939498159,-85.84429127248818
102,0.05586582546453728,0.03609548485297086,0.8334070565214776,22.77481049451974,0.1665929434785224,5.562647338213083,0.02822165717394931,1,0,-76.03160957145934,-73.35602304363145
103,1.358673684184522,0.09453394403034698,0.4633800012308729,2.779274238600907,0.5366199987691271,-0.1199707479952394,0.6666666666666666,0,0,-85.2227072981427,-84.2611962741681
104,1.704334060805508,0.08856487198804987,0.4893813251956679,5.21702587869738,0.5106186748043321,1.424940247592161,0.2496023918055677,1,0,-94.47628190839063,-92.8589169943085
105,4.987079821838074,0.2598319275968884,1e-08,7.41011813865738,0.99999999,0.02533812203047603,0.6241088761850633,0,0,-39.07831211273449,-39.07941911260005
106,1.461538461538466,0.07344230769230792,0.01,13.54545454545457,0.99,0.0002450419230584089,0.6628749169044361,0,0,-12.32967751989485,-12.32969416605745
107,0.0,0.0,1e-08,0.3914809452918234,0.99999999,0.5495005188775508,0.41613589850219,0,0,-6.607941139159474,-6.608218208433437
108,21.62410759721198,0.4339026579568485,1.0,2.458253913228784,0.0,0.0,0.6666666666666666,0,0,-7.561562053850647,-7.5614062105588
109,0.0,0.0,1.0,0.0,0.0,0.0,1.0,0,0,0.0,0.0
110,0.0,0.0,1.0,0.0,0.0,0.0,1.0,0,0,0.0,0.0
111,0.0,0.0,1.0,0.0,0.0,0.0,1.0,0,0,0.0,0.0
112,0.0,0.0,1.0,0.0,0.0,0.0,1.0,0,0,0.0,0.0
113,0.0,0.0,1.0,0.0,0.0,0.0,1.0,0,0,0.0,0.0
114,0.0,0.0,1.0,0.0,0.0,0.0,1.0,0,0,0.0,0.0
115,0.0,0.0,1.0,0.0,0.0,0.0,1.0,0,0,0.0,0.0
116,0.0,0.0,1e-08,1.680318900323271,0.99999999,3.22767594702772,0.0947323826021903,0,0,-11.51746000518412,-11.5178805855457
117,1.430783812264017,0.06502132052078502,1e-08,2.522937271662058,0.99999999,0.04390448203712083,0.6089146444985437,0,0,-12.26409049865149,-12.26420220624928
118,7.872282240814476,0.7422165036838934,1.0,11.80842336122171,0.0,0.0,0.6666666666666666,0,0,-13.18130714995782,-13.18130714995782
119,0.2498981464940974,0.01271654602595568,1e-08,2.122080996323668,0.99999999,1.228085876704302,0.2787586926845251,0,0,-11.90046348935868,-11.90046750146631
120,0.0,0.0,1e-08,2.145156525059408,0.99999999,2.089609305634989,0.1734700581965279,0,0,-7.615033284271604,-7.61515859079966
121,2.265306122448988,0.566326530612247,0.25,209.3333333333344,0.75,-4.538082620797468e-08,0.6666666666666666,0,0,-8.746897936121407,-8.746897898746756
122,0.0,0.0,1e-08,1.452396487630934,0.99999999,1.594530294417147,0.2272091700426015,0,0,-7.766839883856941,-7.766814720408243
123,2.386243386243385,0.5440289505428223,1.0,3.579365079365079,0.0,0.0,0.6666666666666666,0,0,-10.8790464983561,-10.8790464983561
124,1.181009519958701,0.1640010005702643,0.862645637288887,19.73865936424648,0.137354362711113,2.169074772120922,0.166197930579366,0,0,-87.10676386548576,-86.00130765186344
125,0.5528092519776326,0.02702079663045404,0.7957053092950467,11.76540279266736,0.2042946907049533,5.840050455774332,0.02447479967877964,2,0,-94.26067132570893,-89.48587320904987
126,0.05722236265582136,0.04061151408163399,0.7953610617153628,55.35151888811156,0.2046389382846372,18.863803709168,3.359152119719599e-05,2,0,-125.7273569682594,-117.1266518149445
127,1.587823347138279,1.587823347138279,0.9260147152393324,1851.012845811284,0.07398528476066757,5.520658803389182,0.02883729256818535,0,0,-119.7502247782481,-117.1834131674299
128,3.766048592959558,0.3270063028377763,0.9518371070423439,484.6124676632764,0.04816289295765608,8.341182949421182,0.006825169151144728,0,0,-94.98315350513546,-88.42318347416855
129,0.3369266558138078,0.3369266558138078,0.8859921982738426,749.5006605465827,0.1140078017261574,19.49085018103898,2.450520295982361e-05,0,0,-122.6957811696294,-113.1813780195264
130,3.967154051887508,0.6380768402305668,0.8428629837810238,27.41441850976268,0.1571370162189762,0.8109444910654133,0.3547950474259668,0,0,-114.7272969600198,-112.8431145569313
131,2.17014918698267,0.09817621762168811,1e-08,3.553635806164842,0.99999999,0.725918397880406,0.3733215861459076,0,0,-106.1444524094031,-106.144995224494
132,2.356036064437268,0.0,0.8136900846860033,18.58013834907356,0.1863099153139967,5.343345721934554,0.03159049377828005,0,0,-99.22156815430051,-94.89809609378283
133,6.835668205556239,0.2224990891076891,0.8239534846258012,63.11280894454632,0.1760465153741988,1.187509849510178,0.2852412954014803,0,0,-96.29191758095044,-94.38737773302395
134,0.2553330022033997,0.2553330022033997,0.8816513017517282,69.37419211258829,0.1183486982482718,18.31582754510086,4.42546330239324e-05,2,0,-104.4729830409123,-97.29432729130068
135,1.294445016361782,0.5995294349130771,0.8801161967736629,49.11801380158189,0.1198838032263371,5.352488363765417,0.03144223690468617,1,0,-103.07970877588,-100.3810916207935
136,1.273834562084308,0.3108081507520185,0.8832079109608258,57.59189473119027,0.1167920890391742,8.786454852613502,0.005442709122602252,1,0,-84.58939880844582,-77.45512707357643
137,2.69311019348749,0.0,0.7325119700168559,6.218647788738763,0.2674880299831441,0.4398246633094658,0.4464448192547105,1,0,-61.47577444066938,-59.82833135321745
138,2.016676884958332,0.02536834096718564,0.033248440179308,2.046890299021855,0.9667515598206919,-0.0007393386617735587,0.6666666666666666,0,0,-62.92659168668465,-62.92526458142505
139,2.503384817159723,0.1454254820582634,1e-08,3.249840781206372,0.99999999,0.218250492622218,0.520872834721831,0,0,-73.44638920003418,-73.44712984369494
140,2.879674635678684,0.09668421547298701,0.737311820448024,8.205018632342963,0.262688179551976,0.9452042021054012,0.3278548679742678,1,0,-70.2912067250464,-68.9478051018872
141,1.534187262911234,0.0,0.2353549634944447,4.055597127060901,0.7646450365055553,1.174146501146311,0.2874143451142867,1,0,-80.19136046214342,-80.0897296800787
142,1.427390008912316,0.7342307669623411,0.9450935157083094,88.1312813460539,0.05490648429169065,5.553572577594565,0.02835357588397491,1,0,-92.37400189938289,-89.19266754865967
143,0.7196013964794651,0.07483411582536341,0.8813513152540469,41.08819786477843,0.1186486847459531,10.99045439326551,0.001780398982301978,2,0,-83.79611877814196,-77.15078223933051
144,2.081842634915261,1.272336412304791,1.0,4.193301831635928,0.0,0.0,0.6666666666666666,0,0,-74.78417744604559,-74.78417744604559
145,1.711719684451962,0.0,0.7509415415225698,11.50182965986595,0.2490584584774302,5.124575789214589,0.03535709587372227,1,0,-86.89165499353638,-83.56878018004065
146,1.07733243419583,0.0,0.6539475101446264,7.205059050355019,0.3460524898553736,3.033581193580744,0.1049194943922266,1,0,-83.70471173731909,-82.46410085898827
147,0.0,0.0,0.7714353830235763,61.97256373247576,0.2285646169764237,3.988885313223861,0.06363988307504131,0,0,-55.9803079939324,-54.40855658638512
148,3.398115719809626,0.0,0.8242803607817518,5.819220607628648,0.1757196392182482,0.1546593472952082,0.5476176129496432,2,0,-41.28949474478163,-40.27656774087583
149,0.0,0.0,1.0,0.0,0.0,0.0,1.0,0,0,0.0,0.0
150,1.657779530875403,0.0,0.9168116777705845,30.38270896950449,0.08318832222941552,6.328002808306408,0.01905936559243726,1,0,-38.95062955317026,-33.32343006578053
151,0.961179525627214,0.5979154203095722,0.8979343815807909,1702.148886686303,0.1020656184192091,3.258316764512799,0.09321994262201283,0,0,-51.95292681876673,-50.32653825601698
152,2.112265497501221,0.0,0.5143656316442287,11.74983144015765,0.4856343683557713,1.394112126296818,0.25393166934449,0,0,-53.69434478091334,-53.08113785515061
153,0.0,0.0,1e-08,2.890302109527249,0.99999999,3.468910990840783,0.08347504147266449,0,0,-31.90910961042228,-31.90913740191771
154,0.9262601139050671,0.07894979201565552,1e-08,1.696826844791794,0.99999999,0.4311770883543744,0.4489814413974523,0,0,-35.26631722098336,-35.26658645332977
155,3.037966407724034,0.1381949049809585,0.8571457703980301,9.116419692168364,0.1428542296019699,0.05036725428265498,0.6042756084313161,0,0,-25.63152513236036,-25.36614456150104
156,0.0,0.0,1.0,0.0,0.0,0.0,1.0,0,0,0.0,0.0
157,0.0,0.0,1.0,0.0,0.0,0.0,1.0,0,0,0.0,0.0
158,0.0,0.0,1.0,0.0,0.0,0.0,1.0,0,0,0.0,0.0
159,0.0,0.0,1.0,0.0,0.0,0.0,1.0,0,0,0.0,0.0
160,0.0,0.0,1.0,0.0,0.0,0.0,1.0,0,0,0.0,0.0
161,0.0,0.0,1.0,0.0,0.0,0.0,1.0,0,0,0.0,0.0
162,0.0,0.0,1.0,0.0,0.0,0.0,1.0,0,0,0.0,0.0
163,0.0,0.0,1.0,0.0,0.0,0.0,1.0,0,0,0.0,0.0
164,0.0,0.0,1.0,0.0,0.0,0.0,1.0,0,0,0.0,0.0
165,0.0,0.0,1.0,0.0,0.0,0.0,1.0,0,0,0.0,0.0
166,0.0,0.0,1.0,0.0,0.0,0.0,1.0,0,0,0.0,0.0
167,0.0,0.0,1.0,0.0,0.0,0.0,1.0,0,0,0.0,0.0
168,0.0,0.0,1.0,0.0,0.0,0.0,1.0,0,0,0.0,0.0
169,0.0,0.0,1.0,0.0,0.0,0.0,1.0,0,0,0.0,0.0
170,0.0,0.0,1.0,0.0,0.0,0.0,1.0,0,0,0.0,0.0
171,0.0,0.0,1.0,0.0,0.0,0.0,1.0,0,0,0.0,0.0
172,1.318840579710148,0.0,0.01,9.666666666666679,0.99,4.457351892739325e-05,0.6650604221792743,0,0,-8.46235832430383,-8.46235894175848
173,1.807017543859655,0.0,0.01,52.33333333333384,0.99,-1.683986283751437e-12,0.6666666666666666,0,0,-9.108161830693701,-9.108161830694481
174,0.2949652662028835,0.0,0.7756671141028094,9.78091530972086,0.2243328858971906,1.582032310491641,0.2287812055054882,0,0,-33.77725091710603,-33.38640011202516
175,0.0,0.0,1.0,0.0,0.0,0.0,1.0,0,0,0.0,0.0
176,0.0,0.0,1.0,0.0,0.0,0.0,1.0,0,0,0.0,0.0
177,0.0,0.0,1.0,0.0,0.0,0.0,1.0,0,0,0.0,0.0
178,0.0,0.0,1e-08,2.756175402278248,0.99999999,2.307371173541554,0.1543015350837081,1,0,-36.88483638776129,-36.88476592741567
179,1.999292778835716,0.0,0.01,3.437364172436554,0.99,0.1165665592402689,0.56574355430997,1,0,-37.72823422686844,-37.72769431961672
180,3.651216827206344,0.4946316119998104,1.0,10.71365764424034,0.0,0.0,0.6666666666666666,0,0,-34.85608426827581,-34.85379907358299
181,0.0,0.0,1.0,0.0,0.0,0.0,1.0,0,0,0.0,0.0
182,0.0,0.0,1.0,0.0,0.0,0.0,1.0,0,0,0.0,0.0
183,0.0,0.0,1.0,0.0,0.0,0.0,1.0,0,0,0.0,0.0
184,0.0,0.0,1.0,0.0,0.0,0.0,1.0,0,0,0.0,0.0
185,0.0,0.0,1.0,0.0,0.0,0.0,1.0,0,0,0.0,0.0
186,0.0,0.0,1.0,0.0,0.0,0.0,1.0,0,0,0.0,0.0
187,0.0,0.0,0.8228420057269267,15.0536868364672,0.1771579942730733,22.90857246888316,4.397783694209956e-06,22,0,-242.6422430413675,-220.3612102820742
188,19.6729584235192,0.6218655302874163,1.0,2.426995665492942,0.0,0.0,0.6666666666666666,0,0,-9.227549742554837,-9.227452764168316
189,0.0,0.0,1e-08,0.5513474389837121,0.99999999,1.325752543779712,0.2638365264391358,0,0,-7.851754747080068,-7.851766345998306
190,2.478260869565219,0.3333333333333329,1.0,5.173541963015654,0.0,0.0,0.6666666666666666,0,0,-7.412003691679788,-7.412003691679788
191,0.0,0.0,1e-08,0.2809439475627985,0.99999999,0.6958102230235657,0.380186022797097,0,0,-7.169647212768621,-7.169734302559688
192,1.577154182527449,0.2688185366458086,1.0,2.365731273791174,0.0,0.0,0.6666666666666666,0,0,-8.285407943766728,-8.285407943766728
193,657.7256765035002,0.3072611504036751,1.0,3.800759217762768,0.0,0.0,0.6666666666666666,0,0,-8.199907870599723,-8.199907870599485
194,1.461538461538466,0.0,0.06,52.33333333333384,0.94,3.396394276933279e-12,0.6666662255322121,0,0,-8.484638208450939,-8.484638208450363
195,0.0,0.0,0.01,0.320121908230417,0.99,0.723582752344285,0.3738481658846,0,0,-6.936635841463865,-6.936808747468779
196,1128.311160696456,0.2531141936677725,1.0,3.740823782797067,0.0,0.0,0.6666666666666666,0,0,-8.133840207430769,-8.133840207431131
197,1.688514811250553,0.0,0.8653510473661326,6.162896606085543,0.1346489526338674,0.2889230744867604,0.494619116834805,0,0,-18.04387788336198,-17.77129335114838
198,2.256107437236362,1.528268258150636,1.0,3.384161155854544,0.0,0.0,0.6666666666666666,0,0,-22.73341794591069,-22.73341794591069
199,0.0,0.0,0.9216268669266836,76.60769357792654,0.07837313307331639,5.0351527259796,0.03702481331783358,0,0,-22.62233985079478,-21.44942574395549
200,0.7632300773646249,0.02435350705556985,1e-08,1.518252101873627,0.99999999,0.2613874383111394,0.504495615890797,0,0,-26.52278228594989,-26.52566667465724
201,0.8305789133846623,0.0,0.71843626949658,5.383252877156645,0.28156373050342,0.7222090547009969,0.3741583307487313,0,0,-27.04866933152462,-26.72208305246734
202,2.939041839994842,1.414472388219838,0.9677490903287825,4615.808698674055,0.03225090967121746,1.484044413631338,0.2415312000987337,0,0,-38.21126016068697,-37.46343188913279
203,1.281774889616862,0.9385001911536673,0.9385269933767615,80.55631062491659,0.06147300662323851,1.1110325912083,0.2979417926782302,0,0,-38.11375918063227,-37.67686878390553
204,0.4929085024935765,0.2607852124108634,0.9472869668578404,1762.309939221159,0.05271303314215958,2.555107455190949,0.1351782074073794,0,0,-37.92166349805093,-36.72361807979541
205,0.0,0.0,0.5312499999999999,1.972577798593696,0.4687500000000001,2.609838670660821,0.1312987201627639,0,0,-27.79560019138673,-27.75197295913285
206,0.0,0.0,0.01,0.04090174371411846,0.99,0.6151836441383765,0.3994317813128276,0,0,-18.07846120617246,-18.07877485773547
207,0.2707937724872016,0.02290835407084444,1.0,0.3711361249242752,0.0,0.0,0.6666666666666666,0,0,-19.70973695732582,-19.70556130328982
208,0.2379347761730194,0.0,1.0,0.3866687288393328,0.0,0.0,0.6666666666666666,0,0,-15.47523932372236,-15.47459198750463
209,0.2505163894621266,0.0,1.0,0.37577458419319,0.0,0.0,0.6666666666666666,0,0,-30.58635031512856,-30.58635031512856
210,0.1240709742018885,0.02341985386750567,1.0,0.1861064613028328,0.0,0.0,0.6666666666666666,0,0,-22.94591845039038,-22.94591845039038
211,0.0,0.0,1.0,0.0,0.0,0.0,1.0,0,0,0.0,0.0
212,0.119360336920722,0.02567385392046432,1.0,0.179040505381083,0.0,0.0,0.6666666666666666,0,0,-21.36317962994059,-21.36317962994059
213,0.0,0.0,1.0,0.0,0.0,0.0,1.0,0,0,0.0,0.0
214,0.0,0.0,0.8970030791689518,0.61683896224408,0.1029969208310482,5.263644876173402,0.03291325938658962,2,0,-24.58051878493617,-23.45179460443265
215,0.0,0.0,1.0,0.0,0.0,0.0,1.0,0,0,0.0,0.0
216,0.1277642280754388,0.06188815834011426,1.0,0.1916463421131582,0.0,0.0,0.6666666666666666,0,0,-47.3118587275432,-47.3118587275432
217,0.1868815825402643,0.03029147507036048,1.0,0.2803223738103964,0.0,0.0,0.6666666666666666,0,0,-28.04558936054327,-28.04558936054327
218,0.1010950784079159,0.07435664041115338,1.0,0.1516426176118738,0.0,0.0,0.6666666666666666,0,0,-55.93056253606996,-55.93056253606997
219,0.0,0.0,0.01,0.01859608169825835,0.99,0.8970984751756212,0.3372046919175892,0,0,-11.45884803844565,-11.45883589174178
220,0.0,0.0,1.0,0.0,0.0,0.0,1.0,0,0,0.0,0.0
221,0.1341739204550148,0.0,1.0,0.2780228216988376,0.0,0.0,0.6666666666666666,0,0,-26.15096501407115,-26.15096501407115
222,0.1947355234128992,0.0,1.0,0.381345326855031,0.0,0.0,0.6666666666666666,0,0,-27.18876848543787,-27.18876848543787
223,0.2862973929739541,0.0,1.0,0.4294460894609312,0.0,0.0,0.6666666666666666,0,0,-49.64358139959803,-49.64358139959803
224,0.1885035296318298,0.0208331026632056,1.0,0.3706667991226614,0.0,0.0,0.6666666666666666,0,0,-19.57611153379454,-19.57611153379454
225,0.6176459395232123,0.03063490761631976,1.0,1.131812427372859,0.0,0.0,0.6666666666666666,0,0,-47.85643606535626,-47.85643606535626
226,0.0430228976088643,0.002161900604845431,0.01,0.1498151803150347,0.99,1.838234159835963,0.1988001375615368,0,0,-65.92060846733919,-65.92095882661894
227,0.09445209368854174,0.0,1.0,0.1416781405328126,0.0,0.0,0.6666666666666666,0,0,-9.274061281437262,-9.274061281437268
228,1.045648473453913,0.07249835910646726,1.0,1.56847271018087,0.0,0.0,0.6666666666666666,0,0,-44.86201512919175,-44.86201512919175
229,0.2636866296713472,0.07344973961399025,1.0,0.5002092941583035,0.0,0.0,0.6666666666666666,0,0,-51.8827735892333,-51.8827735892333
230,0.2454517877025054,0.0,1.0,0.4686461240017388,0.0,0.0,0.6666666666666666,0,0,-39.08683894570746,-39.08683894570746
231,0.3128862186688789,0.05424352754680457,1.0,0.4693293280033183,0.0,0.0,0.6666666666666666,0,0,-62.30989944789213,-62.30989944789214
232,1.280226853623752,0.0,1.0,2.419670331125443,0.0,0.0,0.6666666666666666,0,0,-126.9262805463444,-126.9262805463444
233,0.0,0.0,0.01,0.02913436541927264,0.99,0.2996943823028815,0.4908633774897901,2,0,-19.55057604435412,-19.550908821479
234,0.4564407489833278,0.05426118932808328,1.0,0.6846611234749915,0.0,0.0,0.6666666666666666,0,0,-63.11130229271973,-63.11130229271973
235,0.5414571250511271,0.08910459598597774,1.0,0.9927470738898682,0.0,0.0,0.6666666666666666,0,0,-75.37519289544929,-75.37519289544929
236,0.0,0.0,1.0,0.0,0.0,0.0,1.0,0,0,0.0,0.0
237,1.503148281647644,0.3404505370866849,1.0,2.887331705792883,0.0,0.0,0.6666666666666666,0,0,-223.1667939466437,-223.1667939466437
238,0.7509835360071001,0.03642240318300586,0.9789819994785278,12.17670468932866,0.02101800052147218,2.263128373154814,0.1580062571495936,1,0,-37.98435758648878,-35.4087649371949
239,0.0,0.0,1.0,0.0,0.0,0.0,1.0,0,0,0.0,0.0
240,1.565713573133269,0.2835430123328477,1.0,3.021961395549644,0.0,0.0,0.6666666666666666,0,0,-175.7180157078505,-175.7180157078505
241,0.4264476976746039,0.02205704587858435,1e-08,0.6490081822447403,0.99999999,1.066814350614436,0.3055875663682662,0,0,-201.2791460880294,-201.2798956307826
242,0.0,0.0,1.0,0.0,0.0,0.0,1.0,0,0,0.0,0.0
243,0.4601952064886476,0.0,0.9065319024500759,2.229214452747177,0.09346809754992413,2.422164348712585,0.1451096056407181,6,0,-111.5820381537828,-109.1305580069085
244,0.5524296131796419,0.05871530103285649,1.0,1.012667037079975,0.0,0.0,0.6666666666666666,0,0,-89.04044424185972,-89.04044424185972
245,0.4483734087694533,0.0,1.0,0.6725601131541799,0.0,0.0,0.6666666666666666,0,0,-9.59385966652355,-9.59385966652355
246,0.0,0.0,1.0,0.0,0.0,0.0,1.0,0,0,0.0,0.0
247,0.0,0.0,1.0,0.0,0.0,0.0,1.0,0,0,0.0,0.0
248,0.374832838234028,0.1826871518331564,0.9869734468328046,6.703612212603713,0.01302655316719536,0.5458185974733851,0.417102047649523,1,0,-110.1679698953626,-109.8745935477301
249,0.3618263014062282,0.0,0.8067979388272518,0.861303914506393,0.1932020611727482,0.4130687854548398,0.4543708401184655,4,0,-89.94732780019267,-89.25270326293665
250,0.7894052392996644,0.2560417662817723,1.0,1.184107858949497,0.0,0.0,0.6666666666666666,0,0,-127.9272763778184,-127.9272763778185
251,0.4581275222437202,0.249797339817108,1.0,0.6871912833655802,0.0,0.0,0.6666666666666666,0,0,-102.8764957128719,-102.8764957128719
252,0.7512903381845125,0.167034304201762,0.9682433315293839,1.251242213170317,0.03175666847061609,-0.06571912415023462,0.6666666666666666,0,0,-132.9992033973839,-132.9909829956918
253,0.0,0.0,1.0,0.0,0.0,0.0,1.0,0,0,0.0,0.0
254,0.378535940735542,0.08229004166866181,1.0,0.701158021043122,0.0,0.0,0.6666666666666666,0,0,-52.50957034585725,-52.50957034585725
255,0.933248873807656,0.05639069971948852,1.0,1.399873310711484,0.0,0.0,0.6666666666666666,0,0,-118.6424771285051,-118.6424771285051
256,0.6066457131552446,0.0,0.9197248753724876,2.223304115561442,0.0802751246275124,1.313787479420824,0.2656147617777156,7,0,-123.8388482617844,-121.8051651460595
257,1.393936860460352,0.237834466450895,0.9819270139861155,5.632061575654502,0.01807298601388452,0.2518438305291966,0.5080179482391385,1,0,-193.3024102835213,-192.6074762918879
258,1.343810447577289,0.07365555362895429,1.0,2.015715671365934,0.0,0.0,0.6666666666666666,0,0,-33.92381519289916,-33.92381519289916
259,2.729575076222223,0.2742091301373272,1.0,5.835484431188565,0.0,0.0,0.6666666666666666,0,0,-55.41672716486271,-55.41672716486271
260,2.332248616986665,0.0,1.0,4.803742928216827,0.0,0.0,0.6666666666666666,0,0,-11.13853820695547,-11.13853820695547
261,3.086970150764069,0.2353181125919386,1.0,6.83665079827859,0.0,0.0,0.6666666666666666,0,0,-14.14192312319546,-14.14192312319545
262,4.086934923000498,0.5196260295317946,1.0,10.08100283712583,0.0,0.0,0.6666666666666666,0,0,-17.01102412437626,-17.01102412437626
263,2.692170801667204,0.2614221254005714,1.0,5.734851593091624,0.0,0.0,0.6666666666666666,0,0,-12.70984941571876,-12.70984941571876
264,6.57431464102446,1.149129998491519,1.0,22.77072525426776,0.0,0.0,0.6666666666666666,0,0,-23.28017385676316,-23.28017385676315
265,1.744140826898745,0.9052734364353455,1.0,3.414377276706237,0.0,0.0,0.6666666666666666,0,0,-34.48750240324524,-34.48750240324524
266,2.69942196531792,0.3897937024972852,1.0,4.049132947976879,0.0,0.0,0.6666666666666666,0,0,-25.17773381735496,-25.17773381735496
267,1.901940679194476,0.2465523171056305,1.0,2.852911018791714,0.0,0.0,0.6666666666666666,0,0,-49.16310777522752,-49.16310777522752
268,0.0,0.0,1e-08,0.8740420469883143,0.99999999,0.7972308007453943,0.3577013469613597,0,0,-5.899557879779901,-5.899705411718811
269,0.0,0.0,1e-08,0.6979667977226052,0.99999999,0.3713743788800379,0.4672057160798298,0,0,-6.101392201397037,-6.101748999784699
270,1.026453104104021,0.2424875535113691,1.0,1.90908712571411,0.0,0.0,0.6666666666666666,0,0,-39.09749725427977,-39.09749725427977
271,1.846744940849583,1.057801074322351,0.894938785921873,4.238142202717356,0.105061214078127,0.07717068100959068,0.5871388456333353,0,0,-100.5492908328227,-100.5039967358513
272,0.5506819907494386,0.08623035209201005,1.0,1.009491906730143,0.0,0.0,0.6666666666666666,0,0,-112.1663651495996,-112.1663651495996
273,0.2476075548896185,0.1138469633144725,0.9965192092283353,144.6132936323538,0.003480790771664743,2.61101378985947,0.1312167116727961,2,0,-76.62759401939458,-75.30278232246546
274,0.0,0.0,1.0,0.0,0.0,0.0,1.0,0,0,0.0,0.0
275,2.542824723014893,0.1294277362904131,1.0,3.814237084522337,0.0,0.0,0.6666666666666666,0,0,-139.021708291957,-139.021708291957
276,0.2237570692086313,0.0,1.0,0.4312146671180555,0.0,0.0,0.6666666666666666,0,0,-30.17287062450396,-30.17287062450396
277,0.3592853516593579,0.12928566554082,1.0,0.6672141572066262,0.0,0.0,0.6666666666666666,0,0,-96.88957865319395,-96.88957865319395
278,0.9341840359390929,0.1524627049130888,1.0,1.728920643637868,0.0,0.0,0.6666666666666666,0,0,-163.0903539463131,-163.0903539463131
279,0.415194505133748,0.1299719130127335,1.0,0.6227917577006219,0.0,0.0,0.6666666666666666,0,0,-69.83071126861769,-69.83071126861769
280,2.235296544082556,0.25188336224463,1.0,3.352944816123833,0.0,0.0,0.6666666666666666,0,0,-157.8711903823883,-157.8711903823883
281,0.0,0.0,1.0,0.0,0.0,0.0,1.0,0,0,0.0,0.0
282,0.7800679956371094,0.629580446849231,1.0,1.170101993455664,0.0,0.0,0.6666666666666666,0,0,-207.7491655582157,-207.7491655582157
283,2.520080874470073,0.09753663110659115,0.8397229644797184,1.284367957020614,0.1602770355202816,0.0,0.6666666666666666,0,0,-198.2103076021196,-197.4535612201424
284,0.7868020454454825,0.07710473174246,1.0,1.180203068168224,0.0,0.0,0.6666666666666666,0,0,-98.34708028007468,-98.34708028007468
285,0.9556143443517571,0.02536963085855858,0.959282556211763,5.016811027193779,0.04071744378823705,2.283054272170205,0.156326251740201,5,0,-134.2899530527669,-129.9556478804022
286,1.370605648145494,0.5805764179993024,0.9971688139092969,2.412557357683833,0.002831186090703097,-0.0009463992121823139,0.6666666666666666,0,0,-153.7121710832005,-153.7115618043408
287,0.0,0.0,1.0,0.0,0.0,0.0,1.0,0,0,0.0,0.0
288,1.500659100837172,0.00943794771422001,0.7024505837665818,1.592911430115485,0.2975494162334182,-0.006454356770973391,0.6666666666666666,6,0,-171.4193505311589,-170.6344958790406
289,1.335157715283176,0.1545187506138291,0.9841978588861109,8.76924900689892,0.01580214111388911,1.474242072703362,0.242849420034029,1,0,-183.058257313075,-181.2720293605634
290,0.0,0.0,1.0,0.0,0.0,0.0,1.0,0,0,0.0,0.0
291,2.303521488483782,0.4053472098575445,1.0,4.732213732571203,0.0,0.0,0.6666666666666666,0,0,-229.9321579020697,-229.9321579020697
292,2.060708593170352,0.1032787098266911,1.0,3.091062889755528,0.0,0.0,0.6666666666666666,0,0,-159.1250357478815,-159.1250357478815
293,0.5455808845244148,0.0,0.9011247142627385,2.295657289407925,0.09887528573726145,1.661240608504613,0.2190163626830856,8,0,-114.8435054110867,-112.8731809205017
294,0.0,0.0,1.0,0.0,0.0,0.0,1.0,0,0,0.0,0.0
295,0.0,0.0,1.0,0.0,0.0,0.0,1.0,0,0,0.0,0.0
296,0.0,0.0,1.0,0.0,0.0,0.0,1.0,0,0,0.0,0.0
297,0.0,0.0,1.0,0.0,0.0,0.0,1.0,0,0,0.0,0.0
298,0.0,0.0,1.0,0.0,0.0,0.0,1.0,0,0,0.0,0.0
299,0.0,0.0,1.0,0.0,0.0,0.0,1.0,0,0,0.0,0.0
300,0.0,0.0,1.0,0.0,0.0,0.0,1.0,0,0,0.0,0.0
301,0.0,0.0,1.0,0.0,0.0,0.0,1.0,0,0,0.0,0.0
302,0.0,0.0,1.0,0.0,0.0,0.0,1.0,0,0,0.0,0.0
303,0.0,0.0,1.0,0.0,0.0,0.0,1.0,0,0,0.0,0.0
304,0.0,0.0,1.0,0.0,0.0,0.0,1.0,0,0,0.0,0.0
305,0.0,0.0,1.0,0.0,0.0,0.0,1.0,0,0,0.0,0.0
306,7.198576475309374,0.4911857188750524,1.0,27.76778863087373,0.0,0.0,0.6666666666666666,0,0,-66.19738069325791,-66.19738069325794
307,0.9233028536698397,0.0,0.9219099037649895,1.081013720412907,0.07809009623501051,0.04429876385614762,0.6086241321140806,3,0,-150.8296192806924,-149.1403402723047
308,1.200203261622451,0.7613163702971811,1.0,2.275280820945553,0.0,0.0,0.6666666666666666,0,0,-16.7598427647422,-16.75166864746852
309,0.0,0.0,1.0,0.0,0.0,0.0,1.0,0,0,0.0,0.0
310,0.0,0.0,1.0,0.0,0.0,0.0,1.0,0,0,0.0,0.0
311,0.0,0.0,1.0,0.0,0.0,0.0,1.0,0,0,0.0,0.0
312,0.0,0.0,1.0,0.0,0.0,0.0,1.0,0,0,0.0,0.0
313,1.335966237987967,0.4551138583963903,1.0,2.534879272927994,0.0,0.0,0.6666666666666666,0,0,-9.84591895030779,-9.845918950307793
314,2.559491476000721,0.3279734460021617,1.0,3.839237214001082,0.0,0.0,0.6666666666666666,0,0,-248.1496941704677,-248.1496941704677
315,2.780515369412773,0.1323123297128485,1.0,5.97375941846444,0.0,0.0,0.6666666666666666,0,0,-215.09697812622,-215.09697812622
316,3.662860903622298,0.2920591132422207,1.0,5.494291355433445,0.0,0.0,0.6666666666666666,0,0,-22.2812267565756,-22.28122675657561
317,2.115595209373028,0.5957962301456852,1.0,4.273894480387396,0.0,0.0,0.6666666666666666,0,0,-13.63486882378955,-13.63486882378955
318,6.892860583871295,0.0,1.0,10.33929087580695,0.0,0.0,0.6666666666666666,0,0,-11.59008117557936,-11.59008117557935
319,52.33333333333384,0.0,1.0,0.9751552795031057,0.0,0.0,0.6666666666666666,0,0,-5.962329340326186,-5.962329340326176
320,0.0,0.0,1.0,0.0,0.0,0.0,1.0,0,0,0.0,0.0
321,0.0,0.0,1.0,0.0,0.0,0.0,1.0,0,0,0.0,0.0
322,0.0,0.0,1.0,0.0,0.0,0.0,1.0,0,0,0.0,0.0
323,0.0,0.0,1.0,0.0,0.0,0.0,1.0,0,0,0.0,0.0
324,0.9836838365016505,0.02152473708271757,1.0,1.475525754752476,0.0,0.0,0.6666666666666666,0,0,-105.6612718069247,-105.6612718069247
325,1.089945658375358,0.0551608367176195,1.0,1.634918487563038,0.0,0.0,0.6666666666666666,0,0,-133.3384265377299,-133.3384265377299
326,0.8745115075924519,0.1014018552185134,0.9925746480257573,1.382283846029106,0.007425351974242655,0.08963533108766342,0.5799887108081206,0,0,-78.79575529897727,-78.65733079688559
327,1.598296325058622,0.0,1.0,2.397444487587934,0.0,0.0,0.6666666666666666,0,0,-154.1425027272734,-154.1425027272734
328,2.005496787932727,0.06698072978212037,1.0,4.012889739107554,0.0,0.0,0.6666666666666666,0,0,-114.4607995779412,-114.4607995779412
329,1.368870665252675,0.01852849986421579,1.0,2.053305997879013,0.0,0.0,0.6666666666666666,0,0,-63.75814389470108,-63.75814389470108
330,4.422572353212532,0.01648487690340405,1.0,11.34638718670091,0.0,0.0,0.6666666666666666,0,0,-117.7779402340466,-117.7779402340466
331,0.8179875081040803,0.05936958565524533,1.0,1.506024772723878,0.0,0.0,0.6666666666666666,0,0,-90.87764518239814,-90.87764518239814
332,1.7836120552755,0.08161317566684044,1.0,2.675418082913248,0.0,0.0,0.6666666666666666,0,0,-121.093410594155,-121.093410594155
333,1.620330126420836,0.0,1.0,2.430495189631254,0.0,0.0,0.6666666666666666,0,0,-61.6585759951523,-61.6585759951523
334,0.7098179809572323,0.01870987666253117,1.0,1.185341145955527,0.0,0.0,0.6666666666666666,0,0,-42.76123144724382,-42.76049054854199
335,1.336783485436614,0.04394922478381832,1.0,2.536576891494079,0.0,0.0,0.6666666666666666,0,0,-156.8336174499936,-156.8336174499936
336,0.9997710008178943,0.0708773605017168,1.0,1.675074056113476,0.0,0.0,0.6666666666666666,0,0,-158.7675680495108,-158.7675140511451
337,3.839985398012355,0.1211910976688417,1.0,5.759978097018527,0.0,0.0,0.6666666666666666,0,0,-161.9414870857577,-161.9414870857577
338,12.91304347826089,0.0,1.0,19.36956521739133,0.0,0.0,0.6666666666666666,0,0,-5.371129409475358,-5.371129409475355
339,0.0,0.0,1.0,0.0,0.0,0.0,1.0,0,0,0.0,0.0
340,0.0,0.0,1.0,0.0,0.0,0.0,1.0,0,0,0.0,0.0
341,10.53153153153157,0.0,1.0,103.8945147679356,0.0,0.0,0.6666666666666666,0,0,-5.533619514806987,-5.533619514806984
342,0.0,0.0,1.0,0.0,0.0,0.0,1.0,0,0,0.0,0.0
343,0.172322559312736,0.1505766950546449,1.0,0.2584838389691041,0.0,0.0,0.6666666666666666,0,0,-20.33418777711323,-20.33418777711323
344,105.6666666666525,0.3913043478260864,1.0,2.707218530645125,0.0,0.0,0.6666666666666666,0,0,-7.285845571065514,-7.285845571065527
345,0.0,0.0,1.0,0.0,0.0,0.0,1.0,0,0,0.0,0.0
346,1.561969600133724,0.1729523809417271,1.0,3.013862338517994,0.0,0.0,0.6666666666666666,0,0,-113.3732352990612,-113.3732352990612
347,0.0,0.0,1.0,0.0,0.0,0.0,1.0,0,0,0.0,0.0
348,2.080983774851371,0.3184087974053469,1.0,3.612076778988317,0.0,0.0,0.6666666666666666,0,0,-174.5040768563565,-174.5038986390454
349,0.5415162644092049,0.2501338929352525,0.8773732680601802,1.068037495102942,0.1226267319398198,-0.7651288255465829,0.6666666666666666,0,0,-115.2100427189264,-115.1363984246826
350,1.556850565865095,0.0,0.6852457036900934,1.711951421053024,0.3147542963099066,0.03106597517921728,0.6190432268621608,12,0,-201.9699833026073,-200.3629486319155
351,1.464704510752244,0.5906911943533567,1.0,2.197056766128366,0.0,0.0,0.6666666666666666,0,0,-240.0304217065838,-240.0304217065838
352,1.188288180488602,0.2885443994838,0.9833144271462615,13.82573004837438,0.01668557285373851,0.9538258351925606,0.326212957141391,2,0,-182.6239964475661,-180.5286064421792
353,293.0525783969732,1.544043418267719,1.0,3.708492616425709,0.0,0.0,0.6666666666666666,0,0,-7.791406747618717,-7.791401134980045
354,0.3825702446200638,0.0,0.9897332640397168,370.876188578342,0.01026673596028316,10.74086904158084,0.002020158787869986,0,0,-29.04248379659848,-22.94151409287799
355,0.4493446960650155,0.0,0.9821871757260618,20.47996508529519,0.01781282427393815,5.394599017325746,0.03076840667829328,1,0,-25.30931077435707,-21.42193351928911
356,0.5882197062109058,0.160258151489018,0.9695311032193661,345.8966225909948,0.03046889678063391,2.932175701016604,0.110685595914133,1,0,-39.93187640256694,-38.22503896558457
357,0.0,0.0,1.0,0.0,0.0,0.0,1.0,0,0,0.0,0.0
358,0.0,0.0,1.0,0.0,0.0,0.0,1.0,0,0,0.0,0.0
359,0.0,0.0,1e-08,0.7508981469000595,0.99999999,0.2341055329381732,0.5147128885888888,0,0,-8.027776020919584,-8.028238207604346
360,0.3446633366059443,0.2427137336402694,1.0,0.6415025644496838,0.0,0.0,0.6666666666666666,0,0,-13.83846074752184,-13.83846074752184
361,0.4353755503222662,0.0,0.9116633782587908,13.44473750339701,0.08833662174120915,2.72832633021298,0.1232927385316381,1,0,-21.54003635078927,-19.97686006499107
362,3.609559890372083,0.198072163391259,1.0,8.442809194280532,0.0,0.0,0.6666666666666666,0,0,-17.17522951408898,-17.17522951408898
363,0.6417805819557587,0.0,0.7583715703440883,2.339665556718225,0.2416284296559117,1.096987010919989,0.3003456847661371,3,0,-44.73039449839087,-43.85251070730497
364,3.399570354457577,1.002640199481738,1.0,7.775644245257526,0.0,0.0,0.6666666666666666,0,0,-94.87900496379268,-94.87900496379268
365,1.928666138488287,0.567256942381512,1.0,3.833921917482401,0.0,0.0,0.6666666666666666,0,0,-55.96900121175361,-55.96900121175361
366,0.0,0.0,1e-08,4.311770772418178,0.99999999,1.037567223511605,0.3107725745896427,0,0,-7.137581118825594,-7.136834076329531
367,0.0,0.0,1e-08,3.244145301620765,0.99999999,1.599669752297055,0.2265661659485386,0,0,-7.003534578574263,-7.003494691923726
368,0.0,0.0,1.0,0.0,0.0,0.0,1.0,0,0,0.0,0.0
369,3.437222402773275,0.0,1.0,5.155833604159912,0.0,0.0,0.6666666666666666,0,0,-5.323084945310476,-5.323084945310498
370,1.666666666666671,0.08375000000000023,0.01,31.00000000000023,0.99,0.0001489773844838282,0.6637178227730147,0,0,-7.724662057357263,-7.724677773145232
371,226.6663767950456,1.089217415118248,1.0,3.381202069185924,0.0,0.0,0.6666666666666666,0,0,-7.073681913926602,-7.072634879061212
372,0.0,0.0,0.0460107421875,8.385884509624205,0.9539892578125,0.8646447731624392,0.3436993507216378,0,0,-10.87268911110589,-10.86316839880285
373,0.3173064085452512,0.01594464702939887,0.01,0.6207001813785235,0.99,0.2609057184698003,0.5046721301227416,0,0,-42.34716464376491,-42.3473683290443
374,0.2835083785342806,0.01084092602905063,0.7564822389157616,2.172689053270661,0.2435177610842384,2.002218452906561,0.1818603411025526,4,0,-46.6607266589536,-45.79210382622532
375,0.7858668142170865,0.07854686937463795,1.0,1.17880022132563,0.0,0.0,0.6666666666666666,0,0,-18.47512897656801,-18.47512897656801
376,0.8421412544995026,0.2196666974517614,1.0,1.551997426659747,0.0,0.0,0.6666666666666666,0,0,-43.67851397954028,-43.67851397954028
377,2.110472074540805,0.1405607701088711,1.0,3.655147620578648,0.0,0.0,0.6666666666666666,0,0,-52.99431579432972,-52.99427071073407
378,1.023540454753176,0.0,1.0,1.535310682129764,0.0,0.0,0.6666666666666666,0,0,-29.88086147349047,-29.88086147349046
379,1.799972029846173,0.06332720266999199,1.0,2.69995804476926,0.0,0.0,0.6666666666666666,0,0,-41.76739127734785,-41.76739127734785
380,1.666666666666671,0.08375000000000023,0.01,31.00000000000023,0.99,8.5317593768508e-05,0.6644400982552224,0,0,-7.965560883673676,-7.965563024395463
381,2.23321624501717,1.453723117474393,1.0,4.55881859689783,0.0,0.0,0.6666666666666666,0,0,-8.23235387138775,-8.232353871387755
382,1.461538461538466,0.0,0.06,52.33333333333384,0.94,1.836903096830156e-05,0.665637403562085,0,0,-8.58825049495954,-8.588249276317338
383,0.0,0.0,1.0,0.0,0.0,0.0,1.0,0,0,0.0,0.0
384,0.0,0.0,1.0,0.0,0.0,0.0,1.0,0,0,0.0,0.0
385,0.8811068625513642,0.02126673874885436,0.960896904639873,4.649627001350232,0.03910309536012702,2.491052551458779,0.1398713233501662,5,0,-144.0786678086759,-139.3140890744855
386,0.0,0.0,1.0,0.0,0.0,0.0,1.0,0,0,0.0,0.0
387,4.423243108559562,0.0,0.6946130120868625,3.154883495499753,0.3053869879131375,0.0,0.6666666666666666,0,0,-329.2165620238234,-324.4793288456334
388,0.0,0.0,1.0,0.0,0.0,0.0,1.0,0,0,0.0,0.0
389,3.186284561916346,0.6212754179457559,0.972432194778716,5.811873751641748,0.02756780522128399,-0.1977536004474132,0.6666666666666666,0,0,-253.5074426945603,-253.4920000640885
390,0.0,0.0,1.0,0.0,0.0,0.0,1.0,0,0,0.0,0.0
391,0.0,0.0,1.0,0.0,0.0,0.0,1.0,0,0,0.0,0.0
392,0.0,0.0,1.0,0.0,0.0,0.0,1.0,0,0,0.0,0.0
393,0.0,0.0,1.0,0.0,0.0,0.0,1.0,0,0,0.0,0.0
394,0.0,0.0,1.0,0.0,0.0,0.0,1.0,0,0,0.0,0.0
395,0.0,0.0,1.0,0.0,0.0,0.0,1.0,0,0,0.0,0.0
396,0.0,0.0,1.0,0.0,0.0,0.0,1.0,0,0,0.0,0.0
397,0.0,0.0,1.0,0.0,0.0,0.0,1.0,0,0,0.0,0.0
398,3.260892678634317,0.4597994633039765,0.994239348573507,62.8540735338045,0.005760651426492958,2.784866236078415,0.1196532625444461,1,0,-254.6324516311494,-253.2447643224005
399,0.0,0.0,1.0,0.0,0.0,0.0,1.0,0,0,0.0,0.0
400,0.0,0.0,1.0,0.0,0.0,0.0,1.0,0,0,0.0,0.0
401,0.0,0.0,1.0,0.0,0.0,0.0,1.0,0,0,0.0,0.0
402,0.0,0.0,1.0,0.0,0.0,0.0,1.0,0,0,0.0,0.0
403,11.23258682870492,1.374667123475488,1.0,36.81624179210831,0.0,0.0,0.6666666666666666,0,0,-11.52527073198818,-11.52511058672544
404,0.261895542541542,0.1254230377180064,0.8860690974539043,247.0624461841522,0.1139309025460957,1.341452129502539,0.2615237123636801,0,0,-15.51195297083172,-14.88627099243178
405,3.946427813363521,0.0,0.9157693587295773,5.579754484950774,0.08423064127042268,0.008856737637557899,0.6425529967638238,0,0,-15.50484385006366,-15.32023762883548
406,7.030432251585141,2.161013436084204,1.0,10.54564837737771,0.0,0.0,0.6666666666666666,0,0,-22.80760958619658,-22.80760958619653
407,1.297324298649355,0.4155683138718606,1.0,2.454889300969342,0.0,0.0,0.6666666666666666,0,0,-54.32791644734331,-54.32791644734331
408,1.146750524109015,0.7667356797791578,1.0,2.148316651501366,0.0,0.0,0.6666666666666666,0,0,-75.1455938447645,-75.1455938447645
409,3.613187882118905,0.9005720172898181,1.0,5.419781823178356,0.0,0.0,0.6666666666666666,0,0,-108.5517985272094,-108.5517985272094
410,0.0,0.0,1.0,0.0,0.0,0.0,1.0,0,0,0.0,0.0
411,0.0,0.0,1.0,0.0,0.0,0.0,1.0,0,0,0.0,0.0
412,1.585584731977365,0.4953614821830038,1.0,2.378377097966048,0.0,0.0,0.6666666666666666,0,0,-185.4115097685147,-185.4115097685147
413,0.0,0.0,1.0,0.0,0.0,0.0,1.0,0,0,0.0,0.0
414,0.0,0.0,1.0,0.0,0.0,0.0,1.0,0,0,0.0,0.0
415,0.0,0.0,1.0,0.0,0.0,0.0,1.0,0,0,0.0,0.0
416,0.0,0.0,1.0,0.0,0.0,0.0,1.0,0,0,0.0,0.0
417,0.0,0.0,1.0,0.0,0.0,0.0,1.0,0,0,0.0,0.0
418,0.0,0.0,1.0,0.0,0.0,0.0,1.0,0,0,0.0,0.0
419,1.072895639502235,0.3745117462564393,0.6319975229461049,2.900216365666279,0.3680024770538951,1.040574219481414,0.3102346776580725,0,0,-210.5371280436604,-210.0224072452556
420,1.372350935996847,0.03605742177839332,1.0,2.058526403995269,0.0,0.0,0.6666666666666666,0,0,-65.72085326990855,-65.72085326990855
421,1.634741661830697,0.03292028475532754,1.0,2.452112492746046,0.0,0.0,0.6666666666666666,0,0,-84.55774470453281,-84.55774470453281
422,0.9671012674953575,0.1535509456909194,1.0,1.792869441590959,0.0,0.0,0.6666666666666666,0,0,-133.2331967559424,-133.2331967559424
423,0.9897533227164248,0.01569880263258935,1.0,1.837085350541332,0.0,0.0,0.6666666666666666,0,0,-54.21676509551513,-54.21676509551513
424,0.6344201868450329,0.3266074508311536,1.0,1.162666557227952,0.0,0.0,0.6666666666666666,0,0,-143.5502857125772,-143.5502857125772
425,3.394582272782885,0.04138082913318177,1.0,7.760163878854479,0.0,0.0,0.6666666666666666,0,0,-99.37360194571437,-99.37360194571437
426,1.79078307407604,0.2765581725691086,0.9782385312026295,5.475214987187417,0.02176146879737051,-0.919555795349595,0.6666666666666666,1,0,-229.6169463069387,-228.9929918545139
427,1.284763123945825,0.01908454205915273,1.0,1.927144685918739,0.0,0.0,0.6666666666666666,0,0,-117.1079588549645,-117.1079588549645
428,1.389958752552474,0.0,1.0,2.084938128828711,0.0,0.0,0.6666666666666666,0,0,-133.9752778267903,-133.9752778267903
429,1.011205930258702,0.0,1.0,1.516808895388053,0.0,0.0,0.6666666666666666,0,0,-81.75359744487417,-81.75359744487417
430,0.0,0.0,1.0,0.0,0.0,0.0,1.0,0,0,0.0,0.0
431,0.9170384181952042,0.1009126819054204,1.0,1.375557627292806,0.0,0.0,0.6666666666666666,0,0,-126.2579938676447,-126.2579938676447
432,0.6805185205841829,0.0,1.0,1.247903447933203,0.0,0.0,0.6666666666666666,0,0,-33.44861052739223,-33.44861052739223
433,0.5763282465864382,0.06471273278651155,1.0,0.8644923698796573,0.0,0.0,0.6666666666666666,0,0,-62.82354753661939,-62.82354753661939
434,0.1829816422679128,0.0,1.0,0.2744724634018691,0.0,0.0,0.6666666666666666,0,0,-20.96503238773225,-20.96503238773225
435,0.0447779592761839,0.0,1.0,0.127318806933037,0.0,0.0,0.6666666666666666,0,0,-10.53682507879967,-10.53682507879966
436,0.06653317818878923,0.0,1.0,0.09979976728318385,0.0,0.0,0.6666666666666666,0,0,-17.43669968786952,-17.43669968786953
437,0.2290289066338625,0.0,1.0,0.440298536718546,0.0,0.0,0.6666666666666666,0,0,-31.7814309511872,-31.7814309511872
438,0.9433325635934315,0.0,1.0,1.746657590928919,0.0,0.0,0.6666666666666666,0,0,-40.62918571746982,-40.62918571746982
439,1.459651503081796,0.0,1.0,2.189477254622695,0.0,0.0,0.6666666666666666,0,0,-136.5185246067293,-136.5185246067293
440,2.487184569437092,0.0,1.0,5.196486630615726,0.0,0.0,0.6666666666666666,0,0,-173.3822143792923,-173.3822143792923
441,0.9551026794725213,0.04376627729086261,1.0,1.76951797029413,0.0,0.0,0.6666666666666666,0,0,-119.8142817852379,-119.8142817852379
442,0.2446907135116036,0.0,1.0,0.4673307750958804,0.0,0.0,0.6666666666666666,0,0,-42.33293242576082,-42.33293242576082
443,1.619455567386562,0.0,1.0,2.946008408448464,0.0,0.0,0.6666666666666666,0,0,-82.27729449899785,-82.27645880110018
444,0.6695074231372764,0.0,1.0,1.004261134705914,0.0,0.0,0.6666666666666666,0,0,-95.30979457499821,-95.30979457499821
445,2.064321235474877,0.02034192799352155,1.0,3.096481853212318,0.0,0.0,0.6666666666666666,0,0,-183.5020116708335,-183.5020116708335
446,0.09628684187305563,0.0,1.0,0.1444302628095834,0.0,0.0,0.6666666666666666,0,0,-8.404415730394255,-8.404415730394255
447,0.6282519199091702,0.0,1.0,1.15131080597571,0.0,0.0,0.6666666666666666,0,0,-39.77676204961848,-39.77676204961848
448,0.6101879967457712,0.0,1.0,0.9152819951186569,0.0,0.0,0.6666666666666666,0,0,-25.96300146444997,-25.96300146444997
449,0.1171373249156782,0.01778656514769529,1.0,0.1757059873735172,0.0,0.0,0.6666666666666666,0,0,-20.5942436620282,-20.5942436620282
450,0.8869622490433415,0.04818341600382801,1.0,1.330443373565012,0.0,0.0,0.6666666666666666,0,0,-61.39821393057171,-61.39821393057171
451,0.6618615005555183,0.02144695899552582,1.0,1.1787140291155,0.0,0.0,0.6666666666666666,0,0,-42.95173777667873,-42.95023348145799
452,0.63485644864756,0.0,1.0,0.9522846729713399,0.0,0.0,0.6666666666666666,0,0,-92.68170270422848,-92.68170270422848
453,1.246423749869593,0.01626421566475418,1.0,2.350349778851824,0.0,0.0,0.6666666666666666,0,0,-70.89993239238795,-70.89993239238795
454,1.503769982228211,0.01719628952687229,1.0,2.53543566821853,0.0,0.0,0.6666666666666666,0,0,-132.7129270529629,-132.7122379565875
455,1.209022650479165,0.0,1.0,2.274127411352342,0.0,0.0,0.6666666666666666,0,0,-127.5679886515122,-127.5679886515122
456,1.393927968423907,0.0,1.0,2.655890001977581,0.0,0.0,0.6666666666666666,0,0,-57.11419456629062,-57.11419456629061
457,0.0,0.0,1.0,0.0,0.0,0.0,1.0,0,0,0.0,0.0
458,1.325676792998835,0.01842732165115503,1.0,1.988515189498252,0.0,0.0,0.6666666666666666,0,0,-127.1067983520068,-127.1067983520068
459,7.363822636069989,0.0,0.9823208102157589,2.415602889589176,0.0176791897842411,0.0,0.6666666666666666,0,0,-26.80202626419916,-23.66233772520774
460,1.753270551848956,0.0,1.0,3.434801400143337,0.0,0.0,0.6666666666666666,0,0,-103.2483047305001,-103.2483047305001
461,0.7046042314931908,0.0,1.0,1.056906347239786,0.0,0.0,0.6666666666666666,0,0,-73.66894920056278,-73.66894920056278
462,0.9032073306307399,0.0,1.0,1.534592456034651,0.0,0.0,0.6666666666666666,0,0,-101.9612615428499,-101.9611984321675
463,1.015390044368047,0.0,1.0,1.887334608150209,0.0,0.0,0.6666666666666666,0,0,-101.6634796150149,-101.6634796150149
464,0.7286295501012359,0.0,1.0,1.337563877786516,0.0,0.0,0.6666666666666666,0,0,-39.40612927221434,-39.40612927221434
465,2.938501177448515,0.0,1.0,5.596040550841887,0.0,0.0,0.6666666666666666,0,0,-185.719963334771,-185.7198551409268
466,0.9268094122980115,0.01573465453462262,1.0,1.714643022378677,0.0,0.0,0.6666666666666666,0,0,-48.18286788395278,-48.18286788395278
467,2.334629569424509,0.0,1.0,4.032868247404015,0.0,0.0,0.6666666666666666,0,0,-172.9308495540047,-172.9299243499065
468,1.464593562476203,0.03683902256359624,1.0,2.196890343714305,0.0,0.0,0.6666666666666666,0,0,-141.3688265588944,-141.3688265588944
469,1.217982355574029,0.0,1.0,1.826973533361044,0.0,0.0,0.6666666666666666,0,0,-124.2621477593321,-124.2621477593321
470,3.04803317872655,0.0,1.0,6.723965883616885,0.0,0.0,0.6666666666666666,0,0,-211.4771755948939,-211.4771755948939
471,0.6752920244944018,0.0,1.0,1.238206596333929,0.0,0.0,0.6666666666666666,0,0,-63.64603648920409,-63.64603648920409
472,0.5913642459043404,0.0,1.0,1.083642908036727,0.0,0.0,0.6666666666666666,0,0,-34.61993498767026,-34.61993498767026
473,0.6710342545958505,0.0,1.0,1.230313292888889,0.0,0.0,0.6666666666666666,0,0,-99.17694579405492,-99.17694579405492
474,4.601750547045946,0.0,1.0,6.90262582056892,0.0,0.0,0.6666666666666666,0,0,-99.54566515699014,-99.54566515699014
475,2.23972766033949,0.0,1.0,3.359591490509234,0.0,0.0,0.6666666666666666,0,0,-159.6374245449406,-159.6374245449406
476,1.365637732536317,0.0,1.0,2.43799327440858,0.0,0.0,0.6666666666666666,0,0,-100.5911325065624,-100.590984989019
477,0.09262085792811536,0.0,1.0,0.138931286892173,0.0,0.0,0.6666666666666666,0,0,-8.867477750640369,-8.867477750640367
478,0.5284439182700684,0.0150891191768514,1.0,0.9691689791977222,0.0,0.0,0.6666666666666666,0,0,-51.03059202321251,-51.03059202321251
479,1.27679422177815,0.04122494965479699,0.987627941524782,4.189037263695951,0.01237205847521805,0.4495225204111648,0.4436277257303445,1,0,-137.8759900670245,-137.6403714993105
480,4.58242544528396,0.0,1.0,6.873638167925937,0.0,0.0,0.6666666666666666,0,0,-100.5334513814952,-100.5334513814952
481,0.8705589880353224,0.05543349525914158,1.0,1.606326928477729,0.0,0.0,0.6666666666666666,0,0,-57.9319346269576,-57.9319346269576
482,0.0,0.0,1.0,0.0,0.0,0.0,1.0,0,0,0.0,0.0
483,1.135500898026588,0.0,1.0,1.703251347039882,0.0,0.0,0.6666666666666666,0,0,-110.8575391112894,-110.8575391112894
484,2.183700211299569,0.0,1.0,4.438092147107653,0.0,0.0,0.6666666666666666,0,0,-162.2872672533868,-162.2872672533868
485,1.74271297555042,0.0,1.0,3.036622755541096,0.0,0.0,0.6666666666666666,0,0,-146.6850992133969,-146.6845794358298
486,1.692258785452412,0.09389413775932812,1.0,2.538388178178618,0.0,0.0,0.6666666666666666,0,0,-169.8770505967327,-169.8770505967327
487,1.255779060250541,0.120289303225216,1.0,1.883668590375812,0.0,0.0,0.6666666666666666,0,0,-96.6029420614241,-96.6029420614241
488,0.4987880537919115,0.0,1.0,0.7481820806878672,0.0,0.0,0.6666666666666666,0,0,-35.79458504602913,-35.79458504602913
489,0.2950078068621997,0.0,1.0,0.5546411106651958,0.0,0.0,0.6666666666666666,0,0,-20.32919420504986,-20.32919420504986
490,1.089837568510219,0.0,1.0,2.034516999921163,0.0,0.0,0.6666666666666666,0,0,-114.6570414360645,-114.6570414360645
491,0.9468587616090612,0.0185690988293081,1.0,1.59381308723191,0.0,0.0,0.6666666666666666,0,0,-107.9694420692464,-107.9691115758494
492,0.3210655334384396,0.0,0.9885378311017745,2.346999276662414,0.01146216889822549,1.206735085001071,0.2821483278308302,1,0,-43.90317970753667,-42.84030096241599
493,0.2941713899933039,0.0,1.0,0.5531839538811522,0.0,0.0,0.6666666666666666,0,0,-18.8557021193117,-18.8557021193117
494,0.0,0.0,1.0,0.0,0.0,0.0,1.0,0,0,0.0,0.0
495,2.919645321916838,0.01974049038277025,1.0,6.358785544294001,0.0,0.0,0.6666666666666666,0,0,-205.7102701296592,-205.7102701296592
496,1.224534165180223,0.0,1.0,2.305678957311856,0.0,0.0,0.6666666666666666,0,0,-118.3524483821603,-118.3524483821603
497,1.400922605475536,0.0,0.9903517511168244,8.975829395374525,0.009648248883175614,1.703885989267008,0.2139487675034598,3,0,-125.1499056376755,-121.2670916324602
498,2.143101961400717,0.02103937667872957,0.9972080710445651,62.43649637868165,0.002791928955434897,3.594853693744369,0.0781533699508613,1,0,-174.6184765678912,-169.0275898993926
499,0.7382440597929236,0.0,1.0,1.107366089689386,0.0,0.0,0.6666666666666666,0,0,-86.97090200385311,-86.97090200385311
500,2.051494348214127,0.05462492929945637,1.0,3.07724152232119,0.0,0.0,0.6666666666666666,0,0,-185.9832556783259,-185.9832556783259
501,0.5271277457179472,0.0,1.0,0.7906916185769208,0.0,0.0,0.6666666666666666,0,0,-64.60664254035918,-64.60664254035918
502,1.625610343574354,0.04050581253115295,1.0,2.438415515361532,0.0,0.0,0.6666666666666666,0,0,-152.3831024089663,-152.3831024089663
503,1.847187828550088,0.0,1.0,3.646904962484051,0.0,0.0,0.6666666666666666,0,0,-78.04391723280821,-78.04391723280824
504,1.994908025714649,0.0,1.0,2.992362038571973,0.0,0.0,0.6666666666666666,0,0,-78.42347161091517,-78.42347161091517
505,0.6073290788214953,0.01937652449311621,1.0,0.910993618232243,0.0,0.0,0.6666666666666666,0,0,-76.26531500687078,-76.26531500687078
506,1.64589525082842,0.01731999703884201,1.0,2.468842876242629,0.0,0.0,0.6666666666666666,0,0,-146.1516875669172,-146.1516875669172
507,1.22881690708761,0.0,1.0,2.314405440877265,0.0,0.0,0.6666666666666666,0,0,-115.5434851037277,-115.5434851037277
508,1.209371692022412,0.119213069863998,0.9766011184301598,3.685714338418077,0.02339888156984016,0.2995106142071791,0.4909269728266863,1,0,-173.0237599392343,-172.0691799175697
509,0.783143675305251,0.01764980064705079,1.0,1.174715512957876,0.0,0.0,0.6666666666666666,0,0,-59.71465097232071,-59.71465097232071
510,0.2862705690239941,0.0,1.0,0.5394293174062624,0.0,0.0,0.6666666666666666,0,0,-41.44287157951948,-41.44287157951948
511,1.321449010527797,0.0,1.0,2.504764275930307,0.0,0.0,0.6666666666666666,0,0,-66.0162979873597,-66.0162979873597
512,0.2158350192617953,0.0,1.0,0.4175786982267998,0.0,0.0,0.6666666666666666,0,0,-39.14722812562098,-39.14722812562098
513,0.2976428320171624,0.0,1.0,0.5592329864908119,0.0,0.0,0.6666666666666666,0,0,-21.3428725136134,-21.3428725136134
514,0.6197448418689105,0.0,1.0,0.929617262803366,0.0,0.0,0.6666666666666666,0,0,-43.57105447732681,-43.57105447732681
515,0.6620789249197835,0.0,1.0,1.216025779660902,0.0,0.0,0.6666666666666666,0,0,-33.86563486327377,-33.86537705434854
516,0.1473386217232869,0.0,1.0,0.3003977297627158,0.0,0.0,0.6666666666666666,0,0,-15.80606978396132,-15.80606978396132
517,2.514046453768091,0.0,1.0,5.265797505935984,0.0,0.0,0.6666666666666666,0,0,-91.66249124277842,-91.66249124277842
518,0.09960838531931918,0.0,1.0,0.2194978885764051,0.0,0.0,0.6666666666666666,0,0,-11.66981203786352,-11.66981203786352
519,0.07959884922707235,0.0,1.0,0.1193982738406085,0.0,0.0,0.6666666666666666,0,0,-15.62522285099426,-15.62522285099426
520,0.5127700595422534,0.03567200680491194,1.0,0.7691550893133802,0.0,0.0,0.6666666666666666,0,0,-47.68739696101213,-47.68739696101213
521,0.6117972857979103,0.0,1.0,1.121074749251978,0.0,0.0,0.6666666666666666,0,0,-27.94726296629406,-27.94726296629406
522,0.6082786987808753,0.0,0.9803921483852918,2.444261400075533,0.01960785161470824,1.158860266927604,0.2899237033959124,2,0,-54.40521639813766,-51.269764138029
523,0.8721479841144177,0.06881438149626028,1.0,1.308221976171626,0.0,0.0,0.6666666666666666,0,0,-115.4556099563915,-115.4556099563915
524,2.994221285159167,0.1290229468603426,0.9879246593851907,4.672139209775874,0.0120753406148093,0.0730825841762055,0.5895801283890467,1,0,-106.7364590804913,-105.9260071065839
525,1.003114247478966,0.0,1.0,1.785199325146903,0.0,0.0,0.6666666666666666,0,0,-96.07681872419003,-96.07667402115959
526,0.5781084615821512,0.04081543132410793,1.0,1.059426950891892,0.0,0.0,0.6666666666666666,0,0,-44.17800405883797,-44.17800405883797
527,2.261985690964052,0.0382002075595935,1.0,4.022324351215832,0.0,0.0,0.6666666666666666,0,0,-165.9292096022531,-165.9290469944298
528,0.6321596829138956,0.03588488226208763,1.0,1.158503628497698,0.0,0.0,0.6666666666666666,0,0,-45.59792950741162,-45.59792950741162
529,1.722013441757865,0.1973555889065934,1.0,2.583020162636797,0.0,0.0,0.6666666666666666,0,0,-122.4230628142931,-122.4230628142931
530,0.9048962940523105,0.01665774029658166,0.996629927657725,31.86330690493291,0.003370072342275043,3.529878527188401,0.08085396193626782,1,0,-111.3846991961777,-107.0445296546158
531,0.5092523344577464,0.0,1.0,0.7638785016866197,0.0,0.0,0.6666666666666666,0,0,-23.73662581274628,-23.73662581274628
532,1.940170877860605,0.0,1.0,2.910256316790909,0.0,0.0,0.6666666666666666,0,0,-128.731443396464,-128.731443396464
533,0.3565166814231902,0.0,1.0,0.6623409939218863,0.0,0.0,0.6666666666666666,0,0,-47.07738630673224,-47.07738630673225
534,0.5304604505722689,0.0,1.0,0.9728193406129976,0.0,0.0,0.6666666666666666,0,0,-35.52593062976973,-35.52593062976973
535,0.0,0.0,1.0,0.0,0.0,0.0,1.0,0,0,0.0,0.0
536,1.350038727444857,0.0,1.0,2.564145441455953,0.0,0.0,0.6666666666666666,0,0,-52.89863152824755,-52.89863152824755
537,0.4313246695931742,0.05225025030124825,1.0,0.6469870043897613,0.0,0.0,0.6666666666666666,0,0,-59.84735247668584,-59.84735247668584
538,2.759790635895513,0.04772430491253616,1.0,4.139685953843269,0.0,0.0,0.6666666666666666,0,0,-111.5185633442283,-111.5185633442283
539,0.9416736919198194,0.0,0.989787840687764,2.699613170620879,0.01021215931223596,0.5571400483857403,0.4141417229108952,1,0,-32.63691043095375,-29.25112228291865
540,1.697616700993191,7.711094462161507e-05,0.9976798393499338,114.0446959003493,0.002320160650066239,2.275445077712874,0.1569655661878221,1,0,-65.84825017420695,-63.97513999455565
541,1.291949360005604,0.0,1.0,2.443806072481996,0.0,0.0,0.6666666666666666,0,0,-113.2037241805506,-113.2037241805506
542,1.000000000000005,0.0,1.0,1.500000000000008,0.0,0.0,0.6666666666666666,0,0,-44.62311901795123,-44.62311901795123
543,0.7043491928313503,0.0,1.0,1.29222449997132,0.0,0.0,0.6666666666666666,0,0,-28.06305569817056,-28.06305569817056
544,0.1001526825336169,0.0,0.9305886021317028,0.7735815094105079,0.0694113978682972,0.8006536360785219,0.3569731078384555,2,0,-37.43746774440771,-36.88059062865042
545,0.1027434183556836,0.0,1.0,0.1541151275335254,0.0,0.0,0.6666666666666666,0,0,-18.64487032139797,-18.64487032139798
546,0.3934653464751295,0.03627924803345082,1.0,0.7275558112090866,0.0,0.0,0.6666666666666666,0,0,-67.59897001217468,-67.59897001217468
547,0.799450233576942,0.0,1.0,1.470869067754743,0.0,0.0,0.6666666666666666,0,0,-36.30554183465424,-36.30554183465424
548,0.8969549612133887,0.0,1.0,1.657026216123171,0.0,0.0,0.6666666666666666,0,0,-91.3422585269598,-91.3422585269598
549,6.262306168161092,0.04095798720162568,1.0,20.63829733333907,0.0,0.0,0.6666666666666666,0,0,-127.0222846405638,-127.0222846405639
550,0.5305900219478172,0.0,1.0,0.9730539344203689,0.0,0.0,0.6666666666666666,0,0,-54.69741594734558,-54.69741594734558
551,0.4942986387165466,0.0,1.0,0.7414479580748199,0.0,0.0,0.6666666666666666,0,0,-73.37048905376335,-73.37048905376335
552,1.195424468216083,0.0,1.0,1.793136702324124,0.0,0.0,0.6666666666666666,0,0,-113.0399828058731,-113.0399828058731
553,1.316197865631174,0.05607301047748398,1.0,2.493890106313399,0.0,0.0,0.6666666666666666,0,0,-137.4629944579838,-137.4629944579838
554,0.3764481521620449,0.0,1.0,0.697471558536819,0.0,0.0,0.6666666666666666,0,0,-48.76727681973886,-48.76727681973886
555,0.0,0.0,0.5,0.02739711203525104,0.5,0.005110686254280239,0.6486334620432747,1,0,-12.0891857183923,-12.087977862268
556,0.0,0.0,1.0,0.0,0.0,0.0,1.0,0,0,0.0,0.0
557,1.905908549189643,0.1227212070336763,1.0,2.858862823784467,0.0,0.0,0.6666666666666666,0,0,-111.7180917045933,-111.7180917045933
558,0.3628889265222433,0.03537058747605262,1.0,0.6735601291458713,0.0,0.0,0.6666666666666666,0,0,-40.68243187674341,-40.68243187674341
559,0.8214242383362873,0.05256464212205988,0.9773436655078944,1.385545553040999,0.02265633449210558,-0.0153367434043048,0.6666666666666666,0,0,-60.1947058558609,-60.17380598665902
560,1.660738074122985,0.03641621061285671,1.0,2.491107111184477,0.0,0.0,0.6666666666666666,0,0,-128.0298001874684,-128.0298001874684
561,0.9007138949704331,0.0921354508761732,1.0,1.35107084245565,0.0,0.0,0.6666666666666666,0,0,-112.0197329424632,-112.0197329424632
562,0.5324311945555564,0.03697055093834464,1.0,0.9763879874890947,0.0,0.0,0.6666666666666666,0,0,-74.41531392682143,-74.41531392682143
563,0.0,0.0,1.0,0.0,0.0,0.0,1.0,0,0,0.0,0.0
564,1.409695258265689,0.0,1.0,2.689024071577167,0.0,0.0,0.6666666666666666,0,0,-136.2602024534506,-136.2602024534506
565,0.9476778527279671,0.0,1.0,1.421516779091951,0.0,0.0,0.6666666666666666,0,0,-58.89189994061274,-58.89189994061274
566,0.6241608045836314,0.0,1.0,1.143785497858199,0.0,0.0,0.6666666666666666,0,0,-40.89884994902159,-40.89884994902159
567,0.8983789996023424,0.0,1.0,1.347568499403514,0.0,0.0,0.6666666666666666,0,0,-68.80399070501143,-68.80399070501143
568,0.0,0.0,1.0,0.0,0.0,0.0,1.0,0,0,0.0,0.0
569,0.0,0.0,1.0,0.0,0.0,0.0,1.0,0,0,0.0,0.0
570,0.1682941378725616,0.0,1.0,0.3361112458692072,0.0,0.0,0.6666666666666666,0,0,-27.75470252381589,-27.75470252381589
571,1.222376704652397,0.0,1.0,1.833565056978595,0.0,0.0,0.6666666666666666,0,0,-110.1606951291096,-110.1606951291096
572,0.2295321479712397,0.0,1.0,0.4411660713177069,0.0,0.0,0.6666666666666666,0,0,-24.64049530664831,-24.64049530664831
573,0.4343235489965556,0.0,1.0,0.6514853234948335,0.0,0.0,0.6666666666666666,0,0,-60.71102465642694,-60.71102465642694
574,0.1937155799955763,0.0,1.0,0.2905733699933644,0.0,0.0,0.6666666666666666,0,0,-19.13074816088698,-19.13074816088698
575,0.2139123138397528,0.0,1.0,0.4142718238178661,0.0,0.0,0.6666666666666666,0,0,-42.31100136759023,-42.31100136759023
576,0.0,0.0,1.0,0.0,0.0,0.0,1.0,0,0,0.0,0.0
577,1.192802941426193,0.0,1.0,2.241226586999382,0.0,0.0,0.6666666666666666,0,0,-101.0637489031784,-101.0637489031784
578,0.05903528812499773,0.0,1.0,0.1202364767763447,0.0,0.0,0.6666666666666666,0,0,-19.30485691884607,-19.30406679505237
579,0.1075513055602216,0.01029683210202617,1.0,0.1613269583403324,0.0,0.0,0.6666666666666666,0,0,-33.60767699036151,-33.60767699036151
580,0.9476778527279671,0.0,1.0,1.421516779091951,0.0,0.0,0.6666666666666666,0,0,-56.33322083706284,-56.33322083706284
581,0.8540543293141835,0.0,1.0,1.281081493971275,0.0,0.0,0.6666666666666666,0,0,-67.02939203818356,-67.02939203818356
582,0.3513946129079595,0.0,1.0,0.5270919193619393,0.0,0.0,0.6666666666666666,0,0,-50.18886126456831,-50.18886126456831
583,0.0,0.0,1.0,0.0,0.0,0.0,1.0,0,0,0.0,0.0
584,0.0,0.0,1.0,0.0,0.0,0.0,1.0,0,0,0.0,0.0
585,0.0,0.0,1.0,0.0,0.0,0.0,1.0,0,0,0.0,0.0
586,0.0,0.0,1.0,0.0,0.0,0.0,1.0,0,0,0.0,0.0
587,0.0,0.0,1.0,0.0,0.0,0.0,1.0,0,0,0.0,0.0
588,0.0,0.0,1.0,0.0,0.0,0.0,1.0,0,0,0.0,0.0
589,0.0,0.0,1.0,0.0,0.0,0.0,1.0,0,0,0.0,0.0
590,0.0,0.0,1.0,0.0,0.0,0.0,1.0,0,0,0.0,0.0
591,0.0,0.0,1.0,0.0,0.0,0.0,1.0,0,0,0.0,0.0
592,0.0,0.0,1.0,0.0,0.0,0.0,1.0,0,0,0.0,0.0
593,0.0,0.0,1.0,0.0,0.0,0.0,1.0,0,0,0.0,0.0
594,0.0,0.0,1.0,0.0,0.0,0.0,1.0,0,0,0.0,0.0
595,0.0,0.0,1.0,0.0,0.0,0.0,1.0,0,0,0.0,0.0
596,0.0,0.0,1.0,0.0,0.0,0.0,1.0,0,0,0.0,0.0
597,0.0,0.0,1.0,0.0,0.0,0.0,1.0,0,0,0.0,0.0
