,alpha,beta,alpha=beta,LRT,p-value,TotalBranchLength,omega
41,1.810462579064497,0.09728410213314981,0.6838714910767305,7.152138872530138,0.007487464093585028,0,0.053734389905710445
43,2.429349601954029,0.3720056580445766,0.8996832765823457,4.758515456332638,0.02915368278173525,0,0.15312973387830087
45,74.34098071920711,1.115978994601417,2.213251369531279,11.59567915304153,0.0006610522864569646,0,0.015011625940429475
128,4.229234751091044,1.022373497665112,1.715373287484022,7.54260055121199,0.00602570105144018,0,0.24173959542003748
180,3.653961850043226,0.4964026593579047,0.9730441499231255,5.808388191256952,0.01594990640776561,0,0.13585326824143834
207,0.263071591258943,0.02103583367222558,0.05313139249829178,4.335760615963537,0.03731973783836473,0,0.07996239187803399
208,0.2343619501953821,0.0,0.04233237507429073,6.787757067364943,0.009178515849540547,0,0.0
209,0.2477388232242272,0.0,0.07311267157124036,9.770805796741492,0.001773047279765128,0,0.0
221,0.1234705228031146,0.0,0.04920765350539093,8.04480566567424,0.004563431384182359,0,0.0
222,0.1949877387416368,0.0,0.05010450400417277,10.8414478793058,0.0009925309362690538,0,0.0
223,0.2852125472267586,0.0,0.1150275482810624,14.49112424800383,0.0001408214950517905,0,0.0
225,0.6152785466844857,0.03071522493206917,0.106596421027529,15.65871106100876,7.586234293499583e-05,0,0.049920844953204445
227,0.09277792804977009,0.0,0.01352977410419101,3.886517137789237,0.04867526623393503,0,0.0
228,1.052001402735334,0.07285897295469589,0.09720478893655249,4.825242682713579,0.02804591666673983,0,0.06925748650643766
230,0.2458936610293219,0.0,0.08339564321069116,15.15660070534499,9.895177557661672e-05,0,0.0
231,0.31122427393494,0.05452322427705909,0.1285807730531769,7.003857964764592,0.00813342430489794,0,0.17518949787463212
232,1.352941176470589,0.0,0.3294693808323335,68.31832320911178,1.110223024625157e-16,0,0.0
234,0.4555786761711629,0.05476098263352407,0.1521561036135834,11.24901930417045,0.0007966509593562154,0,0.12020093454275313
235,0.5396794413429197,0.08836326707500645,0.1732194972174248,9.10505909888559,0.002549034810616635,0,0.16373287604791162
237,1.503465485352914,0.3412256789278061,0.6662118140711617,24.45562198577022,7.604129619309674e-07,0,0.22695943621725972
238,0.8867180358970448,0.1911417162482777,0.3745528700507406,4.376528892142559,0.03643712831742385,0,0.21556087562255338
240,1.57290296941339,0.2834678497304456,0.5407153336374626,24.87198905481745,6.126619432889058e-07,0,0.1802195400751034
243,0.4857904574461168,0.1850138974507763,0.2966439222811239,4.515710379006578,0.03358493665726459,0,0.3808512386666174
244,0.554447338368161,0.05893308718828894,0.2153874060717951,16.61813497653802,4.571184100454762e-05,0,0.10629158643224748
250,0.7896402049426067,0.2553321381543801,0.3576276611166355,6.98070551554062,0.008239312153918266,0,0.3233525047941782
252,0.75097352431326,0.170018537784505,0.3425399468936795,13.3275524352922,0.0002615346671062113,0,0.22639751240229306
254,0.3772938067124848,0.0827333292190837,0.1355952283540661,4.162020027524051,0.04134007343292156,0,0.2192809098563611
255,0.9357397259358052,0.05657146453211145,0.3334755635980247,35.65349584043241,2.357244954787063e-09,0,0.06045641000817404
256,0.6108828865370736,0.1507705224813127,0.2967043451150788,10.65499587174057,0.001097739888861859,0,0.24680757278369536
257,1.401487304087713,0.3189359355221806,0.6282382820044802,22.05775302375423,2.64568901620077e-06,0,0.22756962163834185
258,1.345208523861454,0.07388198996704934,0.438493498848679,12.2043836661876,0.0004767735109334481,0,0.054922332602360624
259,2.746351822790394,0.2732262940330978,0.8410490196875945,13.40466709936862,0.0002509989998543682,0,0.09948699644588503
260,2.370361227680408,0.0,0.3540519290284417,7.147181665966198,0.007508188186297393,0,0.0
266,2.694067815446478,0.3980596619320974,0.9189837195755292,4.310276820155543,0.03788279671033012,0,0.1477541358275454
267,1.894736531079675,0.2483757822766046,0.6766652126485914,9.903002079173291,0.00165009371530378,0,0.13108723994204774
270,1.036183771053605,0.2374813535638941,0.4591093366333083,4.072222859422567,0.04359387128378411,0,0.22918845112042238
272,0.5494887397178966,0.08513517153351513,0.2637400785183162,14.18442096583959,0.0001657370691515725,0,0.1549352432175824
275,2.547230802357502,0.1289525727531628,0.467506438500509,61.61987806887862,4.218847493575595e-15,0,0.05062461267106819
276,0.2243855162830878,0.0,0.06533916123360917,12.26944524858376,0.0004604351240264926,0,0.0
277,0.3585313810630615,0.1295718208549659,0.207585252939427,4.281490133360791,0.03852955553194704,0,0.36139603866969666
278,0.9344653459734427,0.153263978564724,0.4396928985334155,21.33270342715821,3.86088482917657e-06,0,0.16401247967635146
280,2.236215026750068,0.2513473335143687,0.481857941979371,33.54798355549417,6.952741715693378e-09,0,0.11239855313898699
283,2.517350757515298,0.2919680995640396,0.7812978628144024,50.96050613105456,9.424683256042954e-13,0,0.11598228760628534
284,0.7852541644656682,0.07733259518434064,0.2677410906112985,21.7362925025507,3.128169875132869e-06,0,0.09848097429316043
285,0.9509831702918339,0.1767204985819676,0.3855597178834759,17.75473555383445,2.51291204015347e-05,0,0.18582925976254272
286,1.368711509815944,0.5814217054166917,0.7122410958172944,4.111272851360184,0.04259829089847267,0,0.4247949266495741
288,1.48505520048688,0.448511330216754,0.7599800812521725,13.21742387502462,0.0002773585747114504,0,0.3020166052209427
289,1.325050527803579,0.2495334917495068,0.5862464728949046,25.54818099768698,4.314726285148396e-07,0,0.18831998215429321
291,2.299815670508934,0.4066545552111114,0.9508842096150735,34.02888472275538,5.429997451678048e-09,0,0.17682049932337465
292,2.049654135828179,0.1026461168122307,0.616344138869201,61.71742862574081,3.996802888650564e-15,0,0.050079725656131606
293,0.542414094745498,0.1823158651842361,0.2946221108500905,5.9485490915078,0.01472940463473904,0,0.3361193356706174
306,7.320106051933267,0.4847141473233982,1.204992490242029,18.85952954178782,1.407063885772164e-05,0,0.06621682034174675
307,0.9240393714604285,0.09447737590531068,0.4216069989396463,26.93122494477461,2.108251747623413e-07,0,0.10224388572966409
314,2.565179720137847,0.3257530795274991,0.8834689513619471,55.16794229444537,1.106892355551281e-13,0,0.12699035352969104
315,2.77481581509462,0.1327463978683243,0.8506410891498065,80.8657190351214,0.0,0,0.04783971503485095
316,3.642389070693979,0.2931974229049394,1.132539849642672,5.907715637324664,0.01507470766044328,0,0.0804959100234388
318,6.892653189923974,0.0,1.054607017571308,6.179085764777838,0.01292690526386187,0,0.0
324,0.9857799504054496,0.02154865754670126,0.3354189201478338,41.00219613868941,1.520582548764082e-10,0,0.021859500731211193
325,1.092946175606692,0.05496306814833524,0.3781032018686751,44.34103402201657,2.758726580509574e-11,0,0.05028890660404695
326,0.8522083709687689,0.097374017849609,0.1957521135672017,14.4427393932848,0.0001444857793928556,0,0.11426080893680578
327,1.597666159309995,0.0,0.4727435060212407,86.64823026237542,0.0,0,0.0
328,1.999781742180698,0.06626684673550864,0.3856789935947607,61.94941146231122,3.552713678800501e-15,0,0.033137039576752396
329,1.36284952632216,0.01834665046847534,0.2543975816643307,45.54004285431111,1.495503720860825e-11,0,0.01346197809378585
330,4.414484808169869,0.01662071887411634,0.4854589529906038,119.2222025862484,0.0,0,0.0037650415838687327
331,0.8148525033994941,0.05916983310743146,0.2672172853146071,25.16962269217098,5.250270440626537e-07,0,0.07261416374200243
332,1.781556934576859,0.08186758885994362,0.3531635018204596,47.97826037886699,4.309663736989933e-12,0,0.04595283331732991
333,1.619069741883595,0.0,0.2423921267487802,58.34208209721163,2.19824158875781e-14,0,0.0
334,0.7094363546777266,0.01778025819097508,0.1215863564286668,20.48445662299635,6.011746958245467e-06,0,0.025062513464019
335,1.337399317280886,0.04347739178816692,0.5115533475650185,54.81194255379182,1.326716514427062e-13,0,0.032508908316599375
336,0.9881842558892568,0.07084833044180192,0.4345971880126353,33.17857762010135,8.40716574135314e-09,0,0.07169546571863385
337,3.835577104703295,0.1209494528147946,0.5991915746734362,90.11797324702758,0.0,0,0.03153357357005883
346,1.549565863481223,0.1738145257923478,0.3712466384965633,23.64393352336339,1.159107361869971e-06,0,0.11216982116646505
348,2.074562332951965,0.3162520302726174,0.5925733569212065,28.04673447025561,1.184207680804406e-07,0,0.1524427708193331
350,1.602930877541352,0.5198905634149134,0.7247275410879017,11.02226672203142,0.0009002392046686403,0,0.32433748123459016
351,1.457992150188979,0.5933701027838835,0.8324791190610732,9.752391139489646,0.001790896159278188,0,0.40697757028868314
352,1.423083086777177,0.3945258310813667,0.6389958837927705,13.75265618053237,0.0002085257446928779,0,0.2772331670210768
362,3.608011434119275,0.1990523874159096,0.6357290967792375,5.520773015718021,0.01879195306190218,0,0.055169555598844386
364,3.438085718523498,0.9965617381285524,1.643903192518056,7.932057287825955,0.004856654608127342,0,0.2898594798725759
377,2.097625591711432,0.1376927111865649,0.6582062630019269,18.01930909425438,2.186756399114032e-05,0,0.06564217738887461
378,1.016299983693864,0.0,0.2680605190389694,15.37087353911681,8.833956380194241e-05,0,0.0
379,1.810792706928702,0.06318221687885431,0.5456818167241858,20.6542676269333,5.501442573940807e-06,0,0.03489202084650435
385,0.9233644556964107,0.1617436341726197,0.3610598685880938,18.93562577366538,1.352041111024604e-05,0,0.17516770672164442
387,4.536416685540112,0.8094056583864371,1.376308041000555,44.20540694188219,2.956634936879254e-11,0,0.178424010511739
389,3.207181087503396,0.629413613522647,1.081489940608722,33.92266870506722,5.734663077738844e-09,0,0.19625134856747642
398,3.391089521792437,0.521883003357766,1.047234442259844,45.4299797400376,1.581945685558139e-11,0,0.1538983267778531
409,3.590021747185743,0.9025487702460556,1.522182340838533,9.7243573124708,0.001818418953851819,0,0.25140481974895373
412,1.582409299404452,0.4947979782270469,0.6353810417380165,8.83512582219663,0.002954872664227892,0,0.31268647019027673
420,1.373221634404263,0.03622988146846637,0.2172136046442548,34.0246722246641,5.441765926761377e-09,0,0.026383127501616865
421,1.630802014213835,0.03270371566449121,0.2889278410908063,54.6676263373032,1.427746809667951e-13,0,0.02005376212406555
422,0.9668458675001286,0.1531373294709149,0.3847420943146397,21.5657987352688,3.418946034838832e-06,0,0.15838856493937958
423,0.9917677629027911,0.0158767386557837,0.1379975100327073,30.13382749809638,4.032358380534617e-08,0,0.016008524626082116
425,3.403946088519849,0.04121681270075543,0.47260259722069,79.62328192321746,0.0,0,0.012108538628083237
426,1.99131881495876,0.339217772999052,0.7559939538234011,35.05216323415681,3.209901788814307e-09,0,0.1703482990522927
427,1.279618553753022,0.01925073196956714,0.3863871513377024,57.63058815520461,3.164135620181696e-14,0,0.015044117571682775
428,1.352941176470589,0.0,0.4308180216423482,70.23829221699339,0.0,0,0.0
429,1.012578616352203,0.0,0.2747488182497323,49.71285312074147,1.779798530776588e-12,0,0.0
431,0.920297438191077,0.1006318192599933,0.3662694163471254,26.23428702853181,3.024053580880093e-07,0,0.10934706007417962
432,0.6783116943917497,0.0,0.08949182030779906,27.87629996987094,1.29324174369394e-07,0,0.0
433,0.5774152244907718,0.06480801225408253,0.1559449563282868,12.49953735745424,0.0004070528066973944,0,0.11223814251042197
434,0.18387816915192,0.0,0.04477287754148725,8.44610954977022,0.003658251759798836,0,0.0
436,0.09277792804977009,0.0,0.02259317012563441,4.009084703536161,0.04525571275563234,0,0.0
437,0.2284782922472169,0.0,0.07449615777234667,11.10648068559966,0.0008602657943224123,0,0.0
438,0.9474217521922471,0.0,0.1378740307978285,34.13998394058589,5.128654279040745e-09,0,0.0
439,1.352941176470589,0.0,0.3776431225933394,77.81265655733404,0.0,0,0.0
440,2.478260869565219,0.0,0.5906106572204957,123.8260803929696,0.0,0,0.0
441,0.9582573072595678,0.04367012379912066,0.3662084408153119,34.87816439743679,3.509952661850946e-09,0,0.045572440166419224
442,0.2450693602386552,0.0,0.07626593585200171,13.93094082217897,0.0001896507780457801,0,0.0
443,1.63493730164409,0.0,0.2805367954117013,74.79040430934893,0.0,0,0.0
444,0.6710182767624029,0.0,0.2533478981484802,36.19052519643276,1.789384196371202e-09,0,0.0
445,2.072988902608617,0.02001303197070947,0.6288285882832427,91.53919625536798,0.0,0,0.009654191561530013
447,0.626589940413884,0.0,0.1164816961883184,26.59075387898592,2.514442315471044e-07,0,0.0
448,0.6143994299743242,0.0,0.1026888443959257,21.40221644351916,3.723405049060879e-06,0,0.0
450,0.8860582964941026,0.04855162474933238,0.1790527638880046,23.75929160638357,1.091670869146633e-06,0,0.05479506815910225
451,0.6771241027881781,0.02028126987164907,0.1343093967069827,18.3741457848478,1.815041499919623e-05,0,0.029952071988188514
452,0.6344043920129019,0.0,0.2511845793454343,32.64227559206063,1.107787972465246e-08,0,0.0
453,1.248284561835273,0.01630830066944535,0.2402044708993275,49.35872377984481,2.131850251885226e-12,0,0.013064569704738077
454,1.508124651875105,0.01800215730895079,0.4384041323823114,72.67652838764485,0.0,0,0.01193678339954729
455,1.352941176470589,0.0,0.3532514788310709,66.71423294146678,3.33066907387547e-16,0,0.0
456,1.352941176470589,0.0,0.1682183178693568,48.87750664595217,2.724598324732597e-12,0,0.0
458,1.322125971886061,0.01833748400608947,0.3785632954347129,60.78536502467517,6.328271240363392e-15,0,0.013869695018493873
459,8.252944747714984,0.04202074223972824,0.0684043528414587,11.40622330499598,0.0007319848500405568,0,0.005091605908468324
460,1.755048848980142,0.0,0.3416296904310562,76.80065242512259,0.0,0,0.0
461,0.706666666666668,0.0,0.20459796787075,36.33856283344016,1.658496118217556e-09,0,0.0
462,0.8954028559852218,0.0,0.3163563542660525,48.83436169737359,2.78521650187713e-12,0,0.0
463,1.018791011842524,0.0,0.3107245893091968,53.88446530705397,2.126077092157175e-13,0,0.0
464,0.7290771272455776,0.0,0.0922767354936094,28.29110608059071,1.043744428663729e-07,0,0.0
465,2.80952380952381,0.0,0.7272111609842766,136.8611349831614,0.0,0,0.0
466,0.9223341217322282,0.01579134552362322,0.1365704908590954,29.1570494642443,6.67424598921329e-08,0,0.017121068332553526
467,2.327714024576014,0.0,0.5703071265584403,118.78808917297,0.0,0,0.0
468,1.468300031154937,0.03701250780613376,0.4169705075901524,60.14984053854619,8.770761894538737e-15,0,0.025207727998902526
469,1.352941176470589,0.0,0.362644586578531,64.27694870344541,1.110223024625157e-15,0,0.0
470,3.051222909289708,0.0,0.7939553151580194,147.0193321020648,0.0,0,0.0
471,0.6720817351904735,0.0,0.1896140414427022,35.51379991709597,2.53250020953999e-09,0,0.0
472,0.5871701165626506,0.0,0.09004410738610877,22.2016936211174,2.454571812471329e-06,0,0.0
473,0.6710182767624029,0.0,0.2540386551871509,35.75354201231104,2.239244789592476e-09,0,0.0
474,4.595210670232283,0.0,0.4402298289334633,142.1464993514542,0.0,0,0.0
475,2.232864861398462,0.0,0.5422271837805245,99.46398421942422,0.0,0,0.0
476,1.352941176470589,0.0,0.2554235329485149,65.10073922099983,6.661338147750939e-16,0,0.0
477,0.09277792804977009,0.0,0.0135238708921809,3.901073012533804,0.04825527849401334,0,0.0
478,0.5268456745428491,0.01497639676186583,0.1094662291998396,20.89651419776486,4.84775966957951e-06,0,0.028426534534730773
479,1.274438814977108,0.0692716857378513,0.3653239313610168,44.6252882194608,2.3859025866102e-11,0,0.054354657849224074
480,4.567222827521278,0.0,0.4199385677841746,137.1961849861294,0.0,0,0.0
481,0.8750039641683678,0.05550519855653221,0.1735213204011819,18.32027207282643,1.867097505847681e-05,0,0.06343422524866633
483,1.352941176470589,0.0,0.312589991738813,55.48137884929778,9.43689570931383e-14,0,0.0
484,2.18313621682007,0.0,0.567255866423054,108.606311851194,0.0,0,0.0
485,1.731107626752236,0.0,0.4584371477778074,89.48286227205597,0.0,0,0.0
486,1.691110251861854,0.09366238017597192,0.5218813634147148,57.84059734415035,2.842170943040401e-14,0,0.0553851412543049
487,1.255061489874084,0.1186364083148821,0.2994273769598017,26.02617090066798,3.368204433140676e-07,0,0.09452637123523286
488,0.4971792273228625,0.0,0.1117944122781404,23.67924961522512,1.138029936953444e-06,0,0.0
489,0.2942644413008169,0.0,0.04499570627843615,11.16104166225794,0.0008353300725938428,0,0.0
490,1.105263157894737,0.0,0.3291654372946835,60.97990590684259,5.773159728050814e-15,0,0.0
491,0.9436639451469363,0.01777099040087885,0.2932532913479732,45.66196393390604,1.405253691189046e-11,0,0.018831905671792687
492,0.3222768175990088,0.01892695422898579,0.09465956056682907,10.0842508101141,0.001495419513775298,0,0.058728872805662226
493,0.2930787301903388,0.0,0.04067045959797237,11.75294977412082,0.0006074688802536476,0,0.0
495,2.916927586226745,0.01957943034406072,0.7484488198095155,121.1901250928387,0.0,0,0.006712347072485305
496,1.352941176470589,0.0,0.3295356649682323,62.77820143228399,2.331468351712829e-15,0,0.0
497,1.5579197118626,0.05645911415496849,0.3717068156351705,49.81688638627918,1.687872064337625e-12,0,0.036240066625428176
498,2.245262358566514,0.05454264475501736,0.5735183538138466,85.690056511985,0.0,0,0.024292325815251304
499,0.7399118973139781,0.0,0.225321819843519,39.12670991052224,3.971729611862429e-10,0,0.0
500,2.054401870856684,0.0547258396934121,0.5619295848277871,79.87282011240478,0.0,0,0.026638332290162617
501,0.5245831944805522,0.0,0.1602220818501124,27.98565932255846,1.222178352966452e-07,0,0.0
502,1.628043369597893,0.04025155948243236,0.509713385579627,65.2948568132968,6.661338147750939e-16,0,0.024723886497184655
503,1.857142857142858,0.0,0.33847613680648,75.61435477747355,0.0,0,0.0
504,1.962962962962964,0.0,0.3233572821507147,75.58003185450258,0.0,0,0.0
505,0.6101152125000344,0.01921986119864366,0.1998406193246555,26.04882009886515,3.328922261180978e-07,0,0.03150201929876085
506,1.634358896026112,0.01641765423913297,0.4608277051601901,81.47464946661279,0.0,0,0.01004531763436534
507,1.352941176470589,0.0,0.3553658733420285,62.22471977209781,3.108624468950438e-15,0,0.0
508,1.254866009971548,0.1909539030295273,0.4735464761298247,27.02938911609198,2.0038548964596e-07,0,0.1521707509105748
509,0.8002744272048494,0.01739943703511558,0.1797496326915232,30.43057443720295,3.460310860070592e-08,0,0.02174183810407049
510,0.2873632972945045,0.0,0.08836852647147975,16.40544514880666,5.113811494350529e-05,0,0.0
511,1.352941176470589,0.0,0.276537515525648,54.28402032211329,1.73527858748912e-13,0,0.0
512,0.2156669974679783,0.0,0.0924798522178681,11.74770776776086,0.0006091821718137158,0,0.0
513,0.30080256564089,0.0,0.04513944311305173,11.28751914767926,0.0007802988077872941,0,0.0
514,0.621874116424954,0.0,0.1371973904385303,26.83657978976791,2.21406517453282e-07,0,0.0
515,0.6753544916387652,0.0,0.117439622161985,23.97758554793873,9.74637715200899e-07,0,0.0
516,0.1488045319485713,0.0,0.02537144880982896,7.028911363812682,0.00802040951630334,0,0.0
517,2.518281659555679,0.0,0.4173730015581889,83.8247010817033,0.0,0,0.0
519,0.09277792804977009,0.0,0.0249738229411945,4.615520289683879,0.03168388203699513,0,0.0
520,0.510955708797269,0.03607557041124961,0.1297903916789065,13.85236921051516,0.0001977472638049482,0,0.07060410479837353
521,0.605504959402886,0.0,0.08131377094584528,23.68517844295848,1.134529353130631e-06,0,0.0
522,0.6169565906240843,0.0485951363399196,0.1364848037365373,14.56270724493882,0.000135571241690613,0,0.07876589224983081
523,0.8738517716776811,0.06925605053328476,0.2865036299194084,29.49512758092081,5.605745212466928e-08,0,0.07925377366955748
524,2.930997338197741,0.1707329400272662,0.3087159318188948,29.11865654265083,6.807824071142221e-08,0,0.05825080009531814
525,1.011535613157848,0.0,0.2958939533251426,55.07425953986916,1.160183060733289e-13,0,0.0
526,0.5727879852770823,0.04033274868774657,0.1331373050981555,12.42954558450103,0.0004225947121427875,0,0.07041479521997285
527,2.25058845792277,0.03600409038558972,0.594403086880893,95.23548958011997,0.0,0,0.015997633978279836
528,0.6356396565446955,0.03575556248234024,0.1335949592377032,15.92450254872183,6.591978845060797e-05,0,0.05625130860573685
529,1.724904570147735,0.1983501262583631,0.3911254293430433,24.43186233622021,7.698487429763645e-07,0,0.11499194198399901
530,0.9564664673485024,0.05555046547398956,0.3153105468208359,34.9183046004224,3.438331619420865e-09,0,0.058078842667621665
531,0.5074499432788503,0.0,0.06778826599618602,19.82472595393783,8.487758550113078e-06,0,0.0
532,1.758620689655173,0.0,0.4341893695266581,87.83650779153663,0.0,0,0.0
533,0.3578159194206629,0.0,0.1102889564111589,19.86987807486575,8.289623717905314e-06,0,0.0
534,0.5293131380427041,0.0,0.07608195224773427,23.20268466270714,1.457936546378491e-06,0,0.0
536,1.352941176470589,0.0,0.1987098696659027,49.06644638759825,2.474354054982086e-12,0,0.0
537,0.4328811676184007,0.05281240568032525,0.146710801857722,11.049089254294,0.0008873077545213937,0,0.12200208655619124
538,2.753565006753974,0.04731981770241304,0.3896318973977012,81.65868708127479,0.0,0,0.017184928478661838
539,0.9728896211925483,0.04037509083694737,0.1116114153746316,13.05809952333813,0.0003019756886842861,0,0.04150017633804789
540,1.585359211597793,0.01599772525405398,0.2230040409232494,50.02129503098703,1.520894521434002e-12,0,0.010090915129531298
541,1.352941176470589,0.0,0.3585982848816378,66.67946542567478,3.33066907387547e-16,0,0.0
542,1.001730316504365,0.0,0.1766995134777075,37.59231203243418,8.718744615165974e-10,0,0.0
543,0.7023425893819454,0.0,0.09498892781100954,27.60006505968733,1.491737487979705e-07,0,0.0
545,0.09277792804977009,0.0,0.03564122757073539,6.338778755509239,0.0118126184707138,0,0.0
546,0.3928509207822062,0.03629398208791767,0.1403140489783745,12.89926722460919,0.0003287108015613827,0,0.09238614489092364
547,0.7962932274268113,0.0,0.1292002749114775,28.47577172049581,9.487837271393573e-08,0,0.0
548,0.8933937884369554,0.0,0.2679177805146324,47.27135894418961,6.180833622693171e-12,0,0.0
549,6.254890898484512,0.04076566219830758,0.6763692617608477,127.1650917644166,0.0,0,0.006517405796507918
550,0.5293131380427041,0.0,0.1515294332907721,27.18485999653747,1.849009625409792e-07,0,0.0
551,0.4957670702430875,0.0,0.2018045382685451,26.72791859363548,2.342129193921849e-07,0,0.0
552,1.352941176470589,0.0,0.3347338721326716,64.5054939407672,9.992007221626409e-16,0,0.0
553,1.315756896705853,0.05638870380375886,0.4152876233695957,49.4863866211104,1.997513265905582e-12,0,0.04285647595306883
554,0.3748374341427173,0.0,0.1134746065037711,21.27504510068212,3.97877615088138e-06,0,0.0
557,1.899317304119573,0.1222160406948684,0.3238083519597342,38.6661650146124,5.02850650008213e-10,0,0.06434735282503075
558,0.3695143629964405,0.03549624675559099,0.1115248235461837,9.698673045744428,0.001844011217887465,0,0.09606188638446218
559,0.8330236688196179,0.0548929664022845,0.1807769076009072,18.42228349780578,1.769762393688534e-05,0,0.06589604648336946
560,1.662823091312131,0.03628559634863616,0.3892446747601202,60.99167987638441,5.773159728050814e-15,0,0.021821681776143277
561,0.8985867301140715,0.0923568993323353,0.3242813020559193,26.35605546111759,2.839273410826237e-07,0,0.10278017272813612
562,0.527622764401991,0.03749533291363996,0.1823825997549774,18.94609010317512,1.34464561754033e-05,0,0.0710646610483861
564,1.352941176470589,0.0,0.4498224446583189,72.14176713551262,0.0,0,0.0
565,0.9454461121727684,0.0,0.164899697000056,44.50997377312432,2.530642362330582e-11,0,0.0
566,0.6232385398870464,0.0,0.08918512373583133,27.06569234646528,1.966572911182851e-07,0,0.0
567,0.8995596400323665,0.0,0.2016812802421606,44.14077754947499,3.055877773050497e-11,0,0.0
570,0.1691775278875303,0.0,0.05906149394276068,10.50022751119381,0.001193598469222179,0,0.0
571,1.352941176470589,0.0,0.338503979107571,61.91384165887899,3.552713678800501e-15,0,0.0
572,0.2292527392458776,0.0,0.0497016776979742,12.20972989789956,0.0004754091671581584,0,0.0
573,0.434904333644377,0.0,0.1515312886416001,25.15725405299565,5.284051753928765e-07,0,0.0
574,0.1949299993960935,0.0,0.03815108044793783,9.75053936047162,0.001792701089974091,0,0.0
575,0.2128704976350012,0.0,0.07203408762209638,12.95638596934532,0.0003188320652781629,0,0.0
577,1.352941176470589,0.0,0.3954851071976676,52.5089585279286,4.283240429003854e-13,0,0.0
579,0.1078017056342647,0.01042278374953482,0.03228455732115185,4.444110096473779,0.03502183819820148,0,0.09668477588746004
580,0.9454461121727684,0.0,0.1624473881315228,47.64524905623644,5.107581024788033e-12,0,0.0
581,0.8550606490985623,0.0,0.1666793463505267,48.63208967596526,3.087752276087485e-12,0,0.0
582,0.3508448190836526,0.0,0.08975876354194384,23.62463461951698,1.1707903447844e-06,0,0.0
